,住址,物件說明,面積,房,衛,廳,物件類型,樓層,租金
0,台中市西屯區精誠路,✓全新一層兩戶✓陽台獨洗+流理臺✓室內機車位✓,13.6坪,1,1,,獨立套房/透天厝,3樓/5樓,"11,999元"
1,台中市西屯區國安二路,百萬裝潢飯店套房⭐車位可租⭐可租補戶籍⭐1月中可住,14.23坪,1,1,,獨立套房/電梯大廈,7樓/9樓,"14,499元"
2,台中市西屯區福星路,時尚裝潢⭐陽台獨曬⭐有電梯⭐逢甲僑光,9坪,1,1,,獨立套房/電梯大廈,4樓/9樓,"6,499元"
3,台中市西屯區文華路正煌巷,文華路✨獨洗陽台✨可無聲寵物✨台水電✨子母車,13坪,1,1,,獨立套房/電梯大廈,6樓/8樓,"8,999元"
4,台中市西屯區文華路正煌巷,秒殺台水電可寵✅近逢甲電梯✅陽台獨洗✅,12坪,-,,,獨立套房/電梯大廈,6樓/8樓,"8,999元"
5,台中市西屯區文華路正煌巷,絕對秒殺✨陽台獨洗✨台水台電✨電梯管理員,14坪,1,1,,獨立套房/電梯大廈,6樓/8樓,"8,999元"
6,台中市西屯區中清西二街,絕美系統裝潢✨類一房一廳✨陽台獨洗✨超好停車,18坪,1,1,1,獨立套房/透天厝,3樓/5樓,"12,999元"
7,台中市西屯區順和三街,西屯區⚡秒殺一房一廳⚡有小廚房⚡陽台獨洗,18坪,1,1,1,整層住家/透天厝,5樓/8樓,"16,000元"
8,台中市西屯區國安一路,西屯區⚡世紀凱悅⚡秒殺一房一廳⚡含平面車位,18坪,1,1,1,整層住家/電梯大廈,5樓/15樓,"16,000元"
9,台中市西屯區國安一路,全新高級兩房⭐可家庭租補戶籍⭐流理臺⭐洗脫烘洗衣機,22.65坪,2,2,2,整層住家/電梯大廈,6樓/9樓,"25,000元"
10,台中市西屯區國安一路,全新高級套房⭐科技園區⭐乾濕分離⭐流理台⭐陽台獨洗,15.37坪,-,,,獨立套房/電梯大廈,6樓/9樓,"14,500元"
11,台中市西屯區大有東街,近勤美免爬高✅陽台獨洗✅流理臺✅只想跟妳住✅,12坪,-,,,獨立套房/公寓,2樓/5樓,"11,999元"
12,台中市西屯區西屯路二段上石北二巷,⭐電梯管理員❤️陽台獨洗❤️可貓貓,16坪,1,1,,獨立套房/電梯大廈,3樓/10樓,"12,999元"
13,台中市西屯區西屯路二段上石北二巷,⭐市政府逢甲⭐電梯管理員⭐子母車⭐可貓⭐陽台獨洗,16坪,1,1,1,獨立套房/華廈,3樓/9樓,"12,999元"
14,台中市西屯區太原路一段,全新整理❤電梯系統裝潢~採光佳~子母車/生活機能優,15坪,1,1,1,獨立套房/華廈,5樓/8樓,"13,499元"
15,台中市西屯區中清西二街,水湳中國醫❤陽台獨洗~衛浴開窗❤子母車,13坪,1,1,1,獨立套房/公寓,3樓/5樓,"12,999元"
16,台中市西屯區長安路二段,超值得●一房一廳●獨洗曬●近水湳經貿●免爬高,13.23坪,1,1,1,獨立套房/透天厝,2樓/2樓,"7,999元"
17,台中市西屯區福中三街,西屯區⚡全新整理套房⚡有機車位流理台⚡陽台獨洗,12坪,1,1,1,獨立套房/透天厝,4樓/6樓,"11,000元"
18,台中市西屯區至善路,近新光遠百、秋紅谷美三房+平面車位，37.18坪,37.14坪,3,2,2,整層住家/電梯大廈,14樓/14樓,"32,000元"
19,台中市西屯區石平街,西屯區⚡秒殺電梯套房⚡陽台獨洗,10坪,1,1,1,獨立套房/透天厝,3樓/5樓,"8,500元"
20,台中市西屯區何厝東二街,秒殺電梯管理員✅陽台獨洗✅精美裝潢,15坪,-,,,獨立套房/電梯大廈,4樓/13樓,"10,999元"
21,台中市西屯區中平路,電梯❤陽台獨洗❤中國醫旁❤限當人入住❤環境清幽❤,11坪,1,1,1,獨立套房/電梯大廈,4樓/6樓,"8,499元"
22,台中市西屯區長安路二段,秒殺別猶豫了♡近中清文心站♡獨洗凸窗曬♡機車位,12坪,1,1,,獨立套房/透天厝,2樓/5樓,"7,999元"
23,台中市西屯區中平路,秒殺全新唷♡陽台獨洗曬超棒♡採光好到沒話說♡子母車,11坪,1,1,,獨立套房/電梯大廈,3樓/10樓,"8,499元"
24,台中市西屯區福上巷,⭐逢甲⭐中國醫校區⭐可短租⭐可租補⭐子母車⭐機車位,8坪,1,1,,獨立套房/透天厝,1樓/6樓,"6,500元"
25,台中市西屯區中清路二段,水湳之最✨陽台子母車✨電梯別墅✨超大間,14坪,1,,1,獨立套房/別墅,2樓/5樓,"9,999元"
26,台中市西屯區長安路二段,可寵⭐正一房一廳⭐陽台獨洗⭐子母車⭐飲水機⭐,14.2坪,1,1,1,整層住家/公寓,4樓/5樓,"11,500元"
27,台中市西屯區寶慶街,電梯管理員❤可寵三房❤附平面車位❤家具電齊全❤,30坪,3,2,2,整層住家/電梯大廈,2樓/18樓,"25,000元"
28,台中市西屯區寶慶街,三房台水電✨24小時管理員✨含車位✨家具全配近逢甲,35坪,3,2,2,整層住家/電梯大廈,2樓/7樓,"22,999元"
29,台中市西屯區天水東街,✨電梯✨精美兩房✨採光佳✨子母車✨流理臺,18坪,2,1,1,整層住家/電梯大廈,4樓/6樓,"14,800元"
30,台中市西屯區福聯街,可貓咪兒♡舒適大空間♡採光超好♡陽台獨洗曬,16坪,1,1,1,獨立套房/電梯大廈,4樓/8樓,"11,499元"
31,台中市西屯區精誠路,全新未住⭐近西區⭐陽台獨洗⭐採光佳⭐流理台⭐機車位,13.03坪,-,,,獨立套房/透天厝,4樓/5樓,"11,000元"
32,台中市西屯區慶和街,近逢甲夜市♡限定學生♡電梯最輕鬆♡限定機車位,8坪,1,1,,獨立套房/透天厝,5樓/7樓,"4,499元"
33,台中市西屯區福中十五街,近世貿✨乾溼分離✨限女生✨很新小資最愛,10.23坪,1,1,,獨立套房/透天厝,2樓/4樓,"6,999元"
34,台中市西屯區寶慶街,絕對秒殺✨三房兩廳二衛✨家具電全配✨含平車位,52坪,3,2,2,整層住家/電梯大廈,2樓/14樓,"24,999元"
35,台中市西屯區大墩十八街,❤七期市政特區第一排，大空間四房附傢俱電，皮箱入住,43坪,4,2,2,整層住家/電梯大廈,17樓/21樓,"25,500元"
36,台中市西屯區寶慶街,秒殺三房一廳別錯過♡台水電最省錢♡傢俱全配,53坪,3,2,1,獨立套房/電梯大廈,2樓/14樓,"24,999元"
37,台中市西屯區逢甲路,逢甲路✨可貓可短租✨獨洗大窗戶✨精美裝潢,15坪,1,1,,獨立套房/透天厝,4樓/5樓,"7,499元"
38,台中市西屯區福聯街,超大一房一廳可貓奔跑陽台獨洗近榮總澄清,15坪,1,1,1,獨立套房/電梯大廈,4樓/6樓,"12,500元"
39,台中市西屯區環中路二段,西屯區⚡兩房一廳⚡含機車位⚡機械車位,25坪,2,1,1,整層住家/電梯大廈,11樓/15樓,"24,800元"
40,台中市西屯區河南路一段,西屯區⚡秒殺電梯套房⚡可租補報稅入戶籍⚡陽台獨洗,16坪,1,1,1,獨立套房/透天厝,3樓/6樓,"14,000元"
41,台中市西屯區至善路,電梯管理員❤木質地❤冬天裡的暖陽❤房東說要降價❤❤,10坪,1,1,1,獨立套房/電梯大廈,9樓/11樓,"6,999元"
42,台中市西屯區順和七街,全新未住♡電梯最輕鬆♡陽台獨洗曬♡採光超好,12坪,1,1,1,獨立套房/電梯大廈,3樓/8樓,"9,499元"
43,台中市西屯區至善路,小資首選/電梯管理員/共用廚房/近中科74逢甲,9坪,-,,,獨立套房/電梯大廈,9樓/10樓,"6,999元"
44,台中市西屯區國安一路,❤️超大空間台水電❤️含平車陽台獨洗浴缸,18坪,-,,,獨立套房/電梯大廈,5樓/10樓,"16,500元"
45,台中市西屯區寧夏西四街,可報稅租補陽台獨洗衛浴窗流理台,15坪,-,,,獨立套房/電梯大廈,6樓/8樓,"9,000元"
46,台中市西屯區寧夏西四街,西屯區⚡秒殺電梯管理員小套房⚡流理臺⚡陽台獨洗,10坪,1,1,1,獨立套房/透天厝,5樓/7樓,"8,000元"
47,台中市西屯區台灣大道三段,對面逛新光三越♡系統櫃超美♡陽台獨曬♡免追垃圾車,16坪,1,1,,獨立套房/透天厝,2樓/3樓,"11,999元"
48,台中市西屯區台灣大道三段,新光三越✔全新整理✨室內機車位,16坪,1,1,,獨立套房/透天厝,1樓/3樓,"8,999元"
49,台中市西屯區慶和街,⭐逢甲⭐電梯獨曬限學生⭐超便宜好採光套房⭐可加冰箱,8坪,1,1,,獨立套房/透天厝,6樓/7樓,"4,500元"
50,台中市西屯區台灣大道三段,西屯區⚡對面就是新光三越⚡全新裝潢⚡有陽台,14坪,1,1,1,獨立套房/透天厝,2樓/4樓,"12,000元"
51,台中市西屯區台灣大道三段,新光三越✔一房一廳✨室內機車位,16坪,1,1,1,獨立套房/透天厝,2樓/5樓,"10,999元"
52,台中市西屯區文心路三段,遠百/新光/市政文心商圈-精品飯店式管理1房1廳,11.98坪,1,1,1,獨立套房/電梯大廈,14樓/26樓,"18,000元"
53,台中市西屯區台灣大道三段,西屯區⚡走路到新光三越⚡兩房⚡陽台獨洗,25坪,2,1,,整層住家/透天厝,3樓/4樓,"22,000元"
54,台中市西屯區精明一街,⭐科博館市政府⭐全新完工⭐變頻冷暖⭐陽台獨洗曬,15坪,1,1,1,獨立套房/透天厝,3樓/5樓,"11,999元"
55,台中市西屯區朝馬七街,全新秒殺✅四房平車✅台水電梯管理員✅高級社區,66坪,4,2,2,整層住家/電梯大廈,9樓/15樓,"37,999元"
56,台中市西屯區國安二路,整棟全新超美⭐陽台獨洗⭐可租補⭐汽車位⭐近中科榮總,12.5坪,-,,,獨立套房/電梯大廈,5樓/10樓,"14,500元"
57,台中市西屯區台灣大道三段,與新光三越當鄰居✨共洗獨曬✨超大空間✨子母車,15坪,1,1,1,獨立套房/透天厝,2樓/4樓,"11,999元"
58,台中市西屯區台灣大道三段,對面逛新光三越♡全新兩房一陽台獨洗曬♡免追垃圾車,25坪,2,,,整層住家/透天厝,3樓/4樓,"21,999元"
59,台中市西屯區四川路,稀有釋出✨小資首選✨獨洗獨曬流理台✨絕美採光,14坪,1,1,,獨立套房/透天厝,4樓/5樓,"6,999元"
60,台中市西屯區河南路一段,小資首選✨木質地板✨絕美採光✨電梯套房,13坪,1,1,,獨立套房/電梯大廈,5樓/8樓,"6,499元"
61,台中市西屯區至善路,超級大空間✨雙陽台獨洗流理台✨管理員✨秒殺套房,19坪,1,1,,獨立套房/電梯大廈,11樓/12樓,"11,999元"
62,台中市西屯區福上巷龍欣三弄,⭐逢甲首選❤️電梯❤️陽台獨曬❤️年繳優惠,12坪,1,1,,獨立套房/電梯大廈,7樓/8樓,"8,499元"
63,台中市西屯區逢甲路,⭐可租補❤️爬三樓❤️大空間,10坪,1,1,,獨立套房/透天厝,3樓/5樓,"5,999元"
64,台中市西屯區福中十五街,小資女限定✨系統裝潢✨乾濕分離✨秒殺套房,14坪,1,1,,獨立套房/透天厝,2樓/5樓,"6,999元"
65,台中市西屯區青海路二段,稀有釋出✨超級大空間✨陽台獨洗流理臺✨一房一廳,19坪,1,1,1,獨立套房/透天厝,1樓/5樓,"14,499元"
66,台中市西屯區皇城街,整棟新蓋✨陽台獨洗✨絕美採光✨衛浴開窗/可入戶籍,16坪,1,1,,獨立套房/電梯大廈,4樓/7樓,"11,499元"
67,台中市西屯區朝貴路,朝馬✨精美一房一廳浴缸✔飲水機子母車,11坪,1,1,1,整層住家/透天厝,2樓/7樓,"9,799元"
68,台中市西屯區永福路,★中科商圈★精緻套房★家具齊全,12坪,-,,,獨立套房/電梯大廈,15樓/19樓,"10,500元"
69,台中市西屯區中工三路,科技業首選✓超大間大露臺獨洗曬✓只有一間✓大大的,12坪,1,1,,獨立套房/電梯大廈,7樓/7樓,"14,999元"
70,台中市西屯區逢甲路,⭐超美採光❤️逢甲首選❤️小資看過來,11坪,1,1,,獨立套房/透天厝,3樓/5樓,"6,999元"
71,台中市西屯區中工三路,女生優先/乾淨安靜/9.9新/東海逢甲朝馬,10.5坪,1,1,,獨立套房/透天厝,2樓/4樓,"6,999元"
72,台中市西屯區慶和街,⭐限學生❤️超便宜❤️電梯❤️獨曬,8坪,1,1,,獨立套房/電梯大廈,6樓/10樓,"4,499元"
73,台中市西屯區河南路二段,ㄧ房ㄧ廳/陽台獨洗流理台/室內機車,11坪,1,1,1,獨立套房/透天厝,2樓/4樓,"10,499元"
74,台中市西屯區福中十五街,秒殺限女●全新系統●中科中榮●東海二校,9.5坪,1,1,,獨立套房/透天厝,2樓/5樓,"6,999元"
75,台中市西屯區皇城街,⭐可報稅❤️陽台獨洗❤️衛浴開窗❤️別墅,15坪,1,1,,獨立套房/電梯大廈,4樓/6樓,"11,499元"
76,台中市西屯區慶和街,⚡西屯區⚡便宜套房⚡室內機車位⚡限學生,8坪,1,1,1,獨立套房/透天厝,6樓/8樓,"4,500元"
77,台中市西屯區漢翔路,全新秒殺✅三房雙平車✅台水電梯管理員,58坪,3,2,2,整層住家/電梯大廈,3樓/15樓,"37,999元"
78,台中市西屯區福中十五街,限女性❤超新系統裝潢~乾溼衛浴/免投共洗凸窗曬,9坪,1,1,,獨立套房/透天厝,2樓/4樓,"6,999元"
79,台中市西屯區福中十五街,西屯區♡限定女生♡超新系統裝潢別錯過,10坪,1,1,,獨立套房/電梯大廈,2樓/3樓,"6,999元"
80,台中市西屯區福雅路,正一房一廳⭐可寵⭐室內機車⭐陽台獨洗⭐近中科東海,21坪,1,1,1,整層住家/電梯大廈,5樓/6樓,"14,999元"
81,台中市西屯區四川路,⭐新光遠百⭐子母車⭐獨洗窗曬⭐流理臺⭐嚴選⭐可報稅,10坪,1,1,,獨立套房/透天厝,4樓/5樓,"6,999元"
82,台中市西屯區河南路一段,⚡西屯區⚡全新整理⚡電梯套房,9坪,1,1,1,獨立套房/華廈,5樓/7樓,"7,000元"
83,台中市西屯區文華路,台水電⭐全新傢俱⭐陽台獨洗⭐雙層冰箱⭐有車位可租⭐,12.37坪,-,,,獨立套房/電梯大廈,6樓/7樓,"9,000元"
84,台中市西屯區逢甲路,大空間+唯美雙面採光⭐電梯管理員⭐陽台獨洗⭐逢甲⭐,15.12坪,-,,,整層住家/電梯大廈,11樓/12樓,"12,000元"
85,台中市西屯區河南路二段,台中交流道❤一房一廳~陽台獨洗/採光佳/生活機能優,16坪,1,1,1,獨立套房/透天厝,5樓/5樓,"10,999元"
86,台中市西屯區四川路,科博館❤系統裝潢流理台~獨洗曬/子母車,12坪,1,1,1,獨立套房/透天厝,4樓/5樓,"6,999元"
87,台中市西屯區漢翔路,豪華大三房⭐雙車位⭐優雅更衣室⭐台水台電⭐逢甲商圈,50坪,3,2,2,整層住家/電梯大廈,3樓/15樓,"37,999元"
88,台中市西屯區河南路二段,⭐汽車位可租❤️獨洗曬❤️逢甲首選,12坪,1,1,,獨立套房/電梯大廈,6樓/8樓,"8,299元"
89,台中市西屯區逢甲巷,✨這個採光可以唷✨電梯✨陽台獨洗✨乾溼衛浴✨需季繳,10坪,1,1,,獨立套房/透天厝,5樓/5樓,"8,999元"
90,台中市西屯區國安一路,藍海高樓層溫馨家庭,25坪,2,1,1,整層住家/電梯大廈,14樓/15樓,"21,000元"
91,台中市西屯區中清路二段,中央公園❤精美大四房~24H物業管理/含平車機車位,56坪,4,2,2,整層住家/電梯大廈,15樓/20樓,"48,000元"
92,台中市西屯區漢口路二段,可貓⭐大坪數⭐獨曬⭐唯美採光⭐精緻窮⭐機車好停,10.12坪,-,,,獨立套房/透天厝,4樓/5樓,"7,000元"
93,台中市西屯區華夏巷西五弄,逢甲⭐️衛浴開窗/管理員/採光好/小資首選/可貓寵,8坪,1,1,,獨立套房/透天厝,6樓/6樓,"5,799元"
94,台中市西屯區西安街,逢甲學生最愛☀完美採光☀共洗獨曬☀衛浴開窗☀飲水機,10坪,1,1,,獨立套房/別墅,5樓/6樓,"4,800元"
95,台中市西屯區文華路正煌巷,太神啦⭐台水電⭐陽台獨洗⭐汽車位⭐機車位,10.2坪,-,,,獨立套房/電梯大廈,5樓/10樓,"8,000元"
96,台中市西屯區中清西二街,你要的我都給✨陽台獨洗流理臺✨一層兩戶✨乾溼分離,15坪,1,1,1,獨立套房/透天厝,2樓/4樓,"10,999元"
97,台中市西屯區逢甲巷,最愛逢甲☀系統櫃裝潢☀乾濕分離☀共洗獨曬☀子母車,12坪,1,1,,獨立套房/電梯大廈,5樓/7樓,"9,000元"
98,台中市西屯區順和七街,全新近中科★陽台獨洗★衛浴開窗★變頻冷氣★子母車,12坪,1,1,,獨立套房/電梯大廈,6樓/8樓,"9,500元"
99,台中市西屯區中工三路,⚡西屯區⚡全新電梯套房⚡陽台獨洗,14坪,1,1,1,獨立套房/透天厝,7樓/8樓,"12,000元"
100,台中市西屯區文華路正煌巷,太神拉⭐台水電⭐陽台獨洗⭐汽車位⭐機車位,10.2坪,-,,,獨立套房/電梯大廈,6樓/10樓,"9,000元"
101,台中市西屯區西安街,超稀有⭐可租補⭐獨洗曬⭐機車位⭐子母車⭐,13.5坪,-,,,獨立套房/透天厝,2樓/5樓,"10,500元"
102,台中市西屯區精明一街,整棟全新⭐陽台獨洗⭐大空間⭐室內機車⭐精誠路,15.2坪,-,,,獨立套房/透天厝,3樓/5樓,"13,000元"
103,台中市西屯區大墩二十街,黃金店面✅營登✅禁重油煙✅二年約✅台水電,29坪,-,,,店面/別墅,1樓/1樓,"39,999元"
104,台中市西屯區烈美街,唯美採光⭐機車位⭐小廚房⭐逢甲⭐可租補報稅⭐搶,10.12坪,-,,,獨立套房/透天厝,2樓/3樓,"11,000元"
105,台中市西屯區逢甲巷,✨逢甲學生心動了✨陽台獨洗曬✨走路上學也可以✨,10坪,1,1,,獨立套房/透天厝,5樓/5樓,"8,999元"
106,台中市西屯區華美西街二段,給貓一個家⭐近北區捷運站⭐超大空間讓他跑⭐陽台獨曬,14.21坪,-,,,獨立套房/透天厝,4樓/5樓,"7,000元"
107,台中市西屯區福星路,⚡西屯區⚡可貓套房⚡有洗衣間,9坪,1,1,1,獨立套房/華廈,6樓/8樓,"7,500元"
108,台中市西屯區智惠街,秒殺✨電梯美房✨陽台獨洗✨子母車✨飲水機✨生活便利,10坪,-,,,獨立套房/透天厝,5樓/7樓,"7,400元"
109,台中市西屯區大有三街,秒殺✨可貓✨獨洗陽台✨飲水機✨子母車,11坪,-,,,獨立套房/透天厝,3樓/5樓,"8,000元"
110,台中市西屯區華夏巷西五弄,逢甲僑光⭐獨洗衣⭐免爬高⭐小資必租,9坪,1,1,,獨立套房/透天厝,2樓/5樓,"5,999元"
111,台中市西屯區長安路二段,逢甲⭐陽台/衛浴開窗/採光佳,7坪,1,1,,獨立套房/透天厝,3樓/4樓,"5,700元"
112,台中市西屯區華夏巷西五弄,✅秒殺近逢甲✅獨洗窗曬✅小資首選大衣櫥,11坪,-,,,獨立套房/透天厝,2樓/5樓,"5,999元"
113,台中市西屯區中平路,電梯❤陽台獨洗❤衛浴窗❤宛如冬天裡的一道暖陽❤,12坪,1,1,1,獨立套房/電梯大廈,3樓/5樓,"8,999元"
114,台中市西屯區福安二街,⭐二樓而已爬梯不喘❤️超便宜❤️衛浴開窗,9坪,1,1,,獨立套房/透天厝,2樓/5樓,"5,699元"
115,台中市西屯區河南路一段,電梯❤乾溼分離❤木質地❤秒殺❤附近小公園❤,10坪,1,1,1,獨立套房/電梯大廈,6樓/8樓,"6,499元"
116,台中市西屯區西屯路二段,可貓單套⭐免爬高⭐超低價⭐逢甲僑光,8坪,1,1,,獨立套房/透天厝,2樓/5樓,"3,599元"
117,台中市西屯區西屯路二段,⭐逢甲僑光⭐電梯⭐陽台獨洗⭐子母車⭐可租車位⭐,15坪,1,1,,獨立套房/透天厝,8樓/9樓,"11,999元"
118,台中市西屯區福安二街,⭐世貿澄清⭐飲水機子母車⭐巷弄安靜⭐超便宜小套,8坪,1,1,,獨立套房/透天厝,2樓/4樓,"5,700元"
119,台中市西屯區上石路,✨就當個美麗風箏飛吧✨我最愛這個✨靠近新光去逛街✨,9坪,1,1,,獨立套房/透天厝,3樓/4樓,"7,800元"
120,台中市西屯區福上巷,逢甲⭐電梯管理員⭐台電包水⭐子母車⭐獨洗窗曬⭐可寵,9坪,1,1,,獨立套房/華廈,4樓/7樓,"5,999元"
121,台中市西屯區福上巷,⭐逢甲首選❤️陽台獨曬❤️可短租❤️租補,11坪,1,1,,獨立套房/電梯大廈,4樓/5樓,"7,799元"
122,台中市西屯區文華路,✨小資套房✅逢甲大學旁✅共洗窗曬✅機車位可租,7坪,-,,,獨立套房/公寓,2樓/5樓,"5,000元"
123,台中市西屯區西屯路二段,獨洗獨曬❤️精美裝潢｜飲水機子母車｜近逢甲商圈,12坪,1,1,,獨立套房/透天厝,3樓/4樓,"9,499元"
124,台中市西屯區富強巷,超新電梯/系統櫃/流理台陽台獨洗/逢甲中國醫,15坪,-,,,獨立套房/透天厝,5樓/6樓,"12,999元"
125,台中市西屯區寧夏路,⚡西屯區⚡全新裝潢⚡可寵可小孩⚡獨洗曬,11坪,1,1,1,獨立套房/電梯大廈,8樓/12樓,"11,000元"
126,台中市西屯區何厝街,可狗貓陽台獨洗流理台子母車,14坪,1,1,1,獨立套房/透天厝,3樓/4樓,"10,499元"
127,台中市西屯區中清西二街,秒殺可貓超新✅類一房一廳✅陽台獨洗✅系統櫃✅,15坪,-,,,獨立套房/透天厝,3樓/5樓,"13,999元"
128,台中市西屯區寶慶街,✨超強採光✨可養貓貓✨台水台電✨乾溼衛浴✨機車位,12坪,1,1,,獨立套房/電梯大廈,3樓/12樓,"12,000元"
129,台中市西屯區櫻城二街,☞秒殺❤電梯❤陽台獨洗❤機車位❤子母車❤☜,10坪,1,1,,獨立套房/電梯大廈,3樓/6樓,"6,999元"
130,台中市西屯區西安街,衛浴不潮溼✨可貓獨洗曬✨飲水機子母車✨走路逛逢甲,9.5坪,1,1,,獨立套房/透天厝,3樓/4樓,"5,499元"
131,台中市西屯區河南路二段,✓走路上課✓室內機車位✓超新完工✓只有一間✓,10.2坪,1,1,,獨立套房/電梯大廈,2樓/5樓,"6,199元"
132,台中市西屯區天水東街,木地板✨精美大兩房✨流理台✅子母車✨電梯✨,18坪,2,1,1,獨立套房/電梯大廈,1樓/6樓,"14,800元"
133,台中市西屯區太原路一段,可家庭⭐可租補戶籍⭐全新秒殺⭐有工作都可⭐,11.24坪,1,1,,獨立套房/電梯大廈,6樓/8樓,"7,499元"
134,台中市西屯區西屯路二段上石北二巷,【可貓一房廳】陽台獨洗、電梯管理員、現在就來別等了,15坪,1,1,1,獨立套房/電梯大廈,3樓/8樓,"12,999元"
135,台中市西屯區福安路,寶輝旁~最搶手超美三房《熊貓福華》,32.07坪,3,2,2,整層住家/電梯大廈,8樓/12樓,"24,500元"
136,台中市西屯區華夏巷西五弄,秒殺逢甲❤可貓寵❤精美套房❤機車位❤子母車 ,10坪,1,1,,獨立套房/公寓,6樓/7樓,"5,499元"
137,台中市西屯區河南路二段,類一房一廳✨陽台獨洗曬✨走路文華捷運✨樓下超商,10.23坪,1,1,,獨立套房/公寓,4樓/5樓,"6,500元"
138,台中市西屯區西屯路二段,秒殺❤獨洗曬❤學生精美套房❤平價首選❤子母車,8坪,1,1,,獨立套房/透天厝,2樓/6樓,"5,499元"
139,台中市西屯區西屯路二段,時尚新屋✨機車位✨精美電梯套房❤陽台獨洗✨子母車,11坪,1,1,,獨立套房/電梯大廈,2樓/6樓,"8,500元"
140,台中市西屯區順和一街,全新電梯◕沙發陽台獨洗◕車位可租◕東海工業區中科澄清靜宜弘光,10.5坪,-,,,獨立套房/電梯大廈,4樓/6樓,"7,800元"
141,台中市西屯區櫻城五街,秒殺逢甲❤獨洗曬陽台❤電梯精美套房❤機車位❤子母車,10坪,1,1,,獨立套房/電梯大廈,3樓/7樓,"6,499元"
142,台中市西屯區龍門一街,❤️七期1年屋❤️陽台獨洗大衣櫃乾溼分離流理台,15坪,1,1,1,獨立套房/電梯大廈,2樓/6樓,"12,999元"
143,台中市西屯區福聯街,近榮總東海⭐大坪數⭐可寵貓⭐室內機車位,17坪,2,1,1,獨立套房/透天厝,4樓/6樓,"12,500元"
144,台中市西屯區天水東街,逢甲❤稀有兩房❤獨洗曬❤絕佳地點❤合租首選,20坪,2,1,1,獨立套房/電梯大廈,3樓/6樓,"14,999元"
145,台中市西屯區河南路二段,電梯對外窗獨洗曬可租車位2000/月近逢甲,14坪,1,1,,獨立套房/電梯大廈,6樓/10樓,"8,299元"
146,台中市西屯區櫻城五街,超強秒殺、電梯美屋、陽台獨洗曬、採光佳、小資快搶,8坪,1,1,1,獨立套房/電梯大廈,6樓/6樓,"6,999元"
147,台中市西屯區福安七街,✌秒殺近澄清超新一樓✌獨洗烘✌小資首選,10坪,-,,,獨立套房/透天厝,1樓/4樓,"5,499元"
148,台中市西屯區福瑞街,近東海中科◡小資首選◡台水電◡陽台獨洗◡管理員,12坪,1,1,,獨立套房/電梯大廈,7樓/15樓,"6,000元"
149,台中市西屯區寶慶街,超新~可貓❤台水台電❤共洗曬❤流理臺❤管理員,12坪,1,1,1,獨立套房/電梯大廈,3樓/7樓,"10,999元"
150,台中市西屯區漢成六街,捷運站✅文華高中✅三信公園✅小資族首選✅學生專區✅,10坪,-,,,獨立套房/電梯大廈,1樓/6樓,"6,500元"
151,台中市西屯區青海路二段,⚡西屯區⚡電梯管理員2+1房⚡可寵物⚡家具全配,30坪,2,1,1,整層住家/電梯大廈,7樓/15樓,"18,500元"
152,台中市西屯區櫻城二街,可貓咪✅台水台電✅陽台獨洗✅管理員✅子母車,10坪,1,1,,獨立套房/電梯大廈,5樓/7樓,"5,999元"
153,台中市西屯區華廈巷西五弄,逢甲⭐️獨洗/子母車/陽台/沙發/飲水機,12坪,1,1,1,獨立套房/公寓,6樓/7樓,"8,799元"
154,台中市西屯區河南路一段,可貓可小孩✔近逢甲✔採光佳✔飲水機✔子母車✔共洗曬,14坪,1,1,,獨立套房/電梯大廈,5樓/8樓,"8,500元"
155,台中市西屯區福雅路,❤新❤可寵物❤陽台獨洗烘❤流理台❤機車位❤子母車❤,15坪,1,,1,獨立套房/電梯大廈,5樓/6樓,"15,499元"
156,台中市西屯區福上巷,♕電梯♕陽台♕衛浴窗♕可短租♕可補助♕機車位,10坪,1,1,1,獨立套房/透天厝,2樓/5樓,"7,799元"
157,台中市西屯區大有二街,獨洗曬⭐免爬高⭐高CP⭐限女超安心⭐市政府站,10.66坪,-,,,獨立套房/透天厝,2樓/4樓,"6,000元"
158,台中市西屯區西屯路二段,✌秒殺近逢甲採光好✌可凸窗曬✌小資首選,12坪,-,,,獨立套房/透天厝,2樓/5樓,"6,999元"
159,台中市西屯區四川路,不要錯過我●獨洗曬●流理臺●近新光遠百長榮桂冠,10.36坪,1,1,,獨立套房/透天厝,4樓/5樓,"6,999元"
160,台中市西屯區福安七街,✨超好質感✨洗脫烘一次到位✨還等什麼,11.5坪,1,1,,獨立套房/透天厝,2樓/5樓,"7,999元"
161,台中市西屯區寶慶街,超級大空間✨絕美採光✨系統裝潢✨電梯管理員✨可貓,17坪,1,1,,獨立套房/電梯大廈,3樓/12樓,"12,000元"
162,台中市西屯區西屯路二段,沙發❤時尚新屋❤精美電梯套房❤陽台獨洗❤機車位❤,14坪,1,1,,獨立套房/電梯大廈,1樓/6樓,"11,000元"
163,台中市西屯區櫻城二街,西屯區⚡櫻花捷運站旁⚡台水電可貓⚡陽台獨洗,10坪,1,1,1,獨立套房/電梯大廈,5樓/12樓,"6,000元"
164,台中市西屯區河南路二段,逢甲✔超大空間✔獨洗曬✔泡澡浴缸✔飲水機,16坪,1,1,1,獨立套房/別墅,3樓/5樓,"11,000元"
165,台中市西屯區至善路,逢甲採光佳◁電梯管理員◁木質地◁可租機車位◁共洗曬,13坪,1,1,,獨立套房/電梯大廈,9樓/15樓,"8,000元"
166,台中市西屯區天水東街,電梯兩房◕沙發流理台◕獨洗曬◕逢甲文心捷運文華高中,20坪,2,1,1,獨立套房/華廈,6樓/7樓,"14,999元"
167,台中市西屯區西安南巷,秒殺✨陽台獨洗✅垃圾子母車✅飲水機✅三年新屋,11坪,-,,,獨立套房/透天厝,4樓/6樓,"8,000元"
168,台中市西屯區漢口路一段,小資最愛⭐爬梯2樓⭐獨洗曬⭐衛浴開窗⭐限女性,10.1坪,1,1,,獨立套房/透天厝,2樓/4樓,"5,599元"
169,台中市西屯區中清西二街,近水湳中國醫✨有電梯衛浴開窗✨陽台獨洗秒殺,12坪,1,1,,獨立套房/電梯大廈,3樓/7樓,"8,499元"
170,台中市西屯區大弘街,✌️秒殺可寵爬樓✌️陽台獨洗✌️小資首選,12坪,-,,,獨立套房/公寓,5樓/6樓,"6,999元"
171,台中市西屯區烈美街,超秒殺~近逢甲❤超大空間❤有電梯❤先搶先贏,12坪,1,1,,獨立套房/電梯大廈,6樓/8樓,"7,499元"
172,台中市西屯區櫻花路,✓超新完工✓陽台獨洗+系統櫃✓採光讚✓只有一間✓,11坪,1,1,,獨立套房/電梯大廈,2樓~4樓/6樓,"9,499元"
173,台中市西屯區至善路,逢甲僑光⭐免爬高⭐G車位⭐超低價,8.5坪,1,1,,獨立套房/公寓,2樓/5樓,"4,500元"
174,台中市西屯區西屯路二段湳子巷,可寵物❤台水台電計費❤大套房❤陽台獨洗,10坪,1,1,,獨立套房/公寓,4樓/6樓,"6,000元"
175,台中市西屯區福上巷,全新大間陽台獨洗沙發流理台子母車,15坪,1,1,1,獨立套房/透天厝,3樓/4樓,"10,999元"
176,台中市西屯區寶慶街,新光逢甲⭐24H管理⭐電梯⭐可貓咪,9坪,1,1,,獨立套房/電梯大廈,5樓/7樓,"5,499元"
177,台中市西屯區天水東街,新光逢甲⭐電梯免爬⭐小資價⭐只一間,8.5坪,1,1,,獨立套房/透天厝,4樓/5樓,"5,599元"
178,台中市西屯區長安路二段,✨正一房一廳✨超強採光✨全新可寵✨陽台獨洗✨流理臺,13坪,1,1,1,獨立套房/公寓,4樓/6樓,"11,499元"
179,台中市西屯區福林路,住宅區⭐東海⭐衛浴開窗⭐電梯⭐超讚採光衛浴開窗,10.93坪,-,,,獨立套房/電梯大廈,2樓/3樓,"11,000元"
180,台中市西屯區中工三路,❤一年新屋❤電梯✅陽台獨洗❤機車位❤美裝潢,11坪,1,1,,整層住家/電梯大廈,2樓/7樓,"8,500元"
181,台中市西屯區逢甲路,逢甲✔飯店式管理❤台水台電✔可補助,9坪,1,1,,獨立套房/電梯大廈,5樓/7樓,"8,799元"
182,台中市西屯區福上巷,可貓咪⭐免爬高⭐超低價⭐逢甲商圈,8.2坪,1,1,,獨立套房/透天厝,3樓/5樓,"3,999元"
183,台中市西屯區長安路一段,再愛一次★台水台電★陽台獨洗★流理臺★電梯管理員,11.23坪,1,1,,獨立套房/電梯大廈,4樓/12樓,"8,999元"
184,台中市西屯區安和路,全新別錯過♡限定女生很單純♡免追垃圾車♡︎凸窗曬,10坪,1,1,,獨立套房/電梯大廈,3樓/6樓,"7,499元"
185,台中市西屯區惠中路,新光市政逢甲⭐全新出租⭐獨洗曬⭐搶,9坪,1,1,,獨立套房/透天厝,3樓/5樓,"5,999元"
186,台中市西屯區中工三路,秒殺剩一間✨三年新屋✅陽台獨洗✅垃圾子母車✅飲水機,11坪,-,,,獨立套房/透天厝,2樓/7樓,"8,500元"
187,台中市西屯區逢甲路,走路到逢甲★投幣共洗★機能方便★子母車★全新裝潢,12坪,1,1,1,獨立套房/透天厝,3樓/8樓,"5,799元"
188,台中市西屯區寶慶街,電梯管理員+木質地+舒適空間+小資秒殺+可貓,8坪,1,1,1,獨立套房/電梯大廈,5樓/8樓,"5,499元"
189,台中市西屯區惠中路,✌秒殺近新光可貓✌獨洗窗曬✌全新整理,12坪,-,,,獨立套房/透天厝,3樓/5樓,"7,799元"
190,台中市西屯區寧夏西四街,可租補助♡獨洗曬流理台最方便♡有電梯免追垃圾車,11坪,1,1,1,獨立套房/電梯大廈,5樓/12樓,"9,000元"
191,台中市西屯區福安七街,單身貴族✨洗脫烘✨子母車飲水機✨近台積電,7坪,1,1,,獨立套房/透天厝,1樓/4樓,"5,500元"
192,台中市西屯區工業區一路,給澄清醫院東海⭐台水電⭐機車位獨洗曬,12坪,-,,,獨立套房/電梯大廈,2樓/6樓,"7,500元"
193,台中市西屯區甘肅路一段,甘肅路一段✨子母車陽台獨洗✨衛浴開窗飲水機,12坪,1,1,,獨立套房/透天厝,4樓/5樓,"8,499元"
194,台中市西屯區逢甲路,逢甲商圈⭐學生首選⭐機能方便⭐大面窗採光⭐衛浴開窗,12坪,1,1,1,獨立套房/透天厝,3樓/5樓,"5,999元"
195,台中市西屯區福上巷龍欣三弄,✨電梯上樓✨衛浴乾溼分離✨凸窗曬衣✨小資秒殺,9坪,1,1,,獨立套房/透天厝,4樓/6樓,"6,199元"
196,台中市西屯區國安一路,★新杜拜次頂樓2房★家具家電齊全,20.32坪,2,1,2,整層住家/電梯大廈,23樓/24樓,"20,000元"
197,台中市西屯區西安街,✨秒殺✨可養貓✨子母車✨飲水機✨生活便利,13坪,-,,,獨立套房/透天厝,1樓/4樓,"8,500元"
198,台中市西屯區西屯路二段上石北二巷,❤近逢甲❤可貓❤陽台獨洗❤工業風格❤子母車❤,15坪,1,1,1,獨立套房/電梯大廈,3樓/7樓,"12,999元"
199,台中市西屯區崇義街,逢甲小資首選✔可寵✔機能佳✔飲水機子母車✔共洗烘,12坪,1,1,,獨立套房/透天厝,4樓/6樓,"5,500元"
200,台中市西屯區福上巷,台水電◕陽台獨洗◕木質地◕機車位◕逢甲僑光河南,8.5坪,-,,,獨立套房/公寓,3樓/5樓,"6,300元"
201,台中市西屯區福上巷,秒殺可寵爬樓樓✅獨洗窗曬✅精美裝潢✅,12坪,-,,,獨立套房/公寓,4樓/6樓,"7,999元"
202,台中市西屯區環中路三段,✌秒殺電梯管理員✌陽台獨洗✌流理臺,12坪,-,,,獨立套房/透天厝,2樓/7樓,"11,999元"
203,台中市西屯區櫻城五街,逢甲靜巷◕秒殺電梯◕獨洗陽台◕機車位,9坪,-,,,獨立套房/透天厝,3樓/7樓,"6,999元"
204,台中市西屯區長安路二段,✌️秒殺管理員近水湳逢甲✌️獨洗曬✌️大坪數,12坪,-,,,獨立套房/公寓,2樓/6樓,"7,999元"
205,台中市西屯區漢口路一段,超大空間✅浴缸泡澡✅勤美✅科博館✅陽台獨洗✅流理台,16坪,-,,,獨立套房/電梯大廈,4樓/6樓,"9,499元"
206,台中市西屯區逢甲路,⭐逢甲僑光⭐飲水機子母車⭐超好採光⭐衛浴開窗⭐,9坪,1,1,,獨立套房/透天厝,3樓/5樓,"5,999元"
207,台中市西屯區華夏巷西五弄,小資首選✨陽台獨洗✨木質地板✨管理員✨機車位可租,14坪,1,1,,獨立套房/透天厝,1樓/5樓,"5,999元"
208,台中市西屯區中平路,✌️秒殺9成新電梯近水湳✌️陽台獨洗✌️衛浴開窗,12坪,-,,,獨立套房/別墅,3樓/5樓,"8,499元"
209,台中市西屯區長安路二段,✨小資首選✨獨洗✨飲水機✨子母車✨流理台,10坪,-,,,獨立套房/透天厝,2樓/7樓,"7,000元"
210,台中市西屯區龍門一街,近老虎城⭐溫馨小窩⭐乾溼分離⭐流理臺⭐陽台獨洗,18坪,1,1,1,獨立套房/電梯大廈,5樓/6樓,"12,999元"
211,台中市西屯區逢甲路,✌秒殺近逢甲超大坪數✌戶數少✌小資首選,12坪,-,,,獨立套房/透天厝,2樓/5樓,"5,999元"
212,台中市西屯區西屯路二段,❤️何厝商圈❤️陽台獨洗❤️採光明亮大空間機車位,12坪,1,1,1,獨立套房/電梯大廈,5樓~7樓/7樓,"11,999元"
213,台中市西屯區國安二路,全新社區~近中科~多間可選~可報稅~租補,18坪,2,2,2,整層住家/電梯大廈,5樓/15樓,"27,000元"
214,台中市西屯區重慶路,免管理費❤電梯套房✨精美新屋❤小資首選✨,8坪,1,1,,獨立套房/電梯大廈,1樓/7樓,"6,000元"
215,台中市西屯區文心路二段,七期旁文心路三房,40坪,3,2,2,整層住家/電梯大廈,12樓/23樓,"23,000元"
216,台中市西屯區華夏巷西五弄,可貓咪⭐時尚裝潢⭐管理員⭐逢甲僑光,9坪,1,1,,獨立套房/公寓,6樓/6樓,"5,799元"
217,台中市西屯區西屯路三段,中科榮總❤️陽台獨洗雙層冰箱❤️衛浴開窗視野佳D,10坪,1,1,,獨立套房/電梯大廈,5樓/7樓,"11,500元"
218,台中市西屯區河南路二段,✌秒殺爬樓超大坪數✌陽台獨洗✌類一房一廳,13坪,-,,,獨立套房/公寓,4樓/6樓,"6,499元"
219,台中市西屯區順和一街,【秒殺正廣】@電梯@陽台獨洗@近東海澄清~,8坪,-,,,獨立套房/透天厝,3樓/6樓,"7,999元"
220,台中市西屯區西屯路二段,✌️秒殺全新電梯✌️陽台獨洗✌️系統櫃裝潢,13坪,-,,,獨立套房/別墅,2樓/5樓,"11,999元"
221,台中市西屯區漢成六街,小資首選✅文華✅水湳中國醫✅捷運站✅室內機車位,8.2坪,-,,,獨立套房/電梯大廈,3樓/6樓,"6,500元"
222,台中市西屯區福中三街,三年新屋✨陽台獨洗✅垃圾子母車✅環境安靜✅飲水機,14坪,-,,,獨立套房/透天厝,5樓/5樓,"10,500元"
223,台中市西屯區福星路,可貓寵✨走路到逢甲大學✨投幣共洗烘 ✨全新電梯,13坪,1,1,1,獨立套房/電梯大廈,3樓/8樓,"7,999元"
224,台中市西屯區福上巷,秒殺逢甲❤獨洗曬陽台❤精美套房❤機車位❤子母車,10坪,1,1,,獨立套房/公寓,5樓/6樓,"6,499元"
225,台中市西屯區河南路一段,大坪數◕台水電◕可報稅戶籍◕電梯管理◕文心水湳逢甲,18坪,1,1,1,整層住家/電梯大廈,7樓/9樓,"13,999元"
226,台中市西屯區福聯街,✌秒殺超大間可貓✌陽台獨洗✌9成新電梯✌,15坪,1,1,1,獨立套房/別墅,3樓/6樓,"12,499元"
227,台中市西屯區崇義街,可寵可短租⭐走路逢甲⭐洗衣免投⭐超低價,8.5坪,1,1,,獨立套房/透天厝,3樓/5樓,"4,500元"
228,台中市西屯區河南東二街,可貓咪⭐採光100⭐短租可談⭐小資價,8.5坪,1,1,,獨立套房/華廈,7樓/7樓,"5,299元"
229,台中市西屯區順和七街,50歲以上不要⭐陽台獨洗⭐子母車⭐飲水機,9.5坪,1,1,,獨立套房/電梯大廈,6樓/8樓,"9,500元"
230,台中市西屯區西屯路二段,❤逢甲❤獨洗獨曬❤管理員❤浴室乾溼分離❤子母車❤,10坪,1,1,,獨立套房/電梯大廈,2樓/7樓,"5,999元"
231,台中市西屯區西屯路二段湳子巷,秒殺逢甲❤獨洗曬❤精美套房❤流理台❤子母車,12坪,1,1,,獨立套房/公寓,3樓/7樓,"6,499元"
232,台中市西屯區順和一街,質感全新百萬裝潢機車位陽台流理台,15坪,1,1,1,獨立套房/電梯大廈,3樓/5樓,"13,999元"
233,台中市西屯區青海路二段,台水電好省✨魔術大空間✨電梯管理員✨獨洗陽台子母車,15坪,1,1,1,獨立套房/電梯大廈,14樓/20樓,"11,999元"
234,台中市西屯區烈美街,超秒殺~近逢甲❤安靜舒適❤機車位~先搶先贏,12坪,1,1,,獨立套房/電梯大廈,1樓/6樓,"7,499元"
235,台中市西屯區四川路,✌秒殺近逢甲爬樓✌獨洗窗曬✌流理臺,12坪,-,,,獨立套房/透天厝,5樓/5樓,"6,999元"
236,台中市西屯區漢口路一段,全新多間可選/系統裝潢/陽台獨洗/機車位,12坪,1,1,,獨立套房/電梯大廈,2樓~7樓/7樓,"9,499元"
237,台中市西屯區福星路,電梯不累◕小資首選◕陽台獨曬◕逢甲中科遠百,8.5坪,-,,,獨立套房/華廈,3樓/7樓,"6,499元"
238,台中市西屯區龍門一街,秒殺超新電梯✅陽台獨洗✅流理台✅乾溼分離,15坪,-,,,獨立套房/透天厝,4樓/6樓,"12,999元"
239,台中市西屯區福星路,✌秒殺近逢甲小資優選✌有陽台✌空間大✌多間可選,10坪,-,,,獨立套房/華廈,4樓/8樓,"6,499元"
240,台中市西屯區福安七街,秒殺✨三年電梯新屋✅陽台獨洗✅垃圾子母車✅飲水機,12坪,-,,,獨立套房/透天厝,3樓/7樓,"9,500元"
241,台中市西屯區西屯路二段,陽台獨洗✨子母車✨乾濕分離✨飲水機✨生活機能佳,12坪,-,,,獨立套房/透天厝,5樓/5樓,"10,500元"
242,台中市西屯區華夏巷西五弄,❤️逢甲僑光❤️大空間美裝潢❤️子母車管理員❤️,12坪,1,1,1,獨立套房/公寓,6樓/6樓,"8,788元"
243,台中市西屯區精明路,全新⭐第一手家具⭐陽台獨洗⭐小廚房⭐5星體驗⭐搶,10.12坪,-,,,獨立套房/透天厝,3樓/5樓,"13,000元"
244,台中市西屯區河南路二段,心型圈●獨洗窗曬●近青海家樂●汽車車位可租●微秒,11.34坪,1,1,,獨立套房/電梯大廈,6樓/8樓,"8,300元"
245,台中市西屯區台灣大道三段,順天環匯酒店❤️｜頂樓無邊際泳池｜四星級等級,26坪,1,1,1,獨立套房/電梯大廈,13樓/21樓,"37,799元"
246,台中市西屯區慶和街,逢甲ღ共洗凸窗曬ღ小資首選ღ機車位ღ子母車ღ,10坪,1,1,1,獨立套房/電梯大廈,5樓/7樓,"4,499元"
247,台中市西屯區福雅路,電梯可寵◕正一房一廳◕流理台陽台獨洗◕東海中科澄清,18坪,1,1,1,獨立套房/透天厝,4樓/6樓,"14,999元"
248,台中市西屯區順和八街,⭐東海⭐工業區⭐陽台獨洗曬⭐子母車⭐室內機車位⭐,12坪,1,1,,獨立套房/透天厝,6樓/7樓,"9,600元"
249,台中市西屯區西安街,黃金店面✅1+B1✅營登✅輕食✅門前停車,32坪,-,,,店面/別墅,B1~1樓/1樓,"14,999元"
250,台中市西屯區福上巷,逢甲大學✅台水台電✅管理員✅陽台獨洗✅子母車,10坪,1,1,1,獨立套房/電梯大廈,3樓/7樓,"6,299元"
251,台中市西屯區福星路,半年約獨曬/學生首選啦/逢甲下樓就到,8坪,1,1,,獨立套房/透天厝,3樓/3樓,"4,999元"
252,台中市西屯區中平路, ❤水湳經貿❤超新❤陽台獨洗❤系統裝潢❤子母車❤,12坪,1,1,,獨立套房/電梯大廈,5樓/6樓,"10,499元"
253,台中市西屯區中平路,✨整棟新蓋✨陽台獨洗曬✨落地採光✨電梯套房✨機車位,13坪,1,1,,獨立套房/電梯大廈,3樓/5樓,"8,499元"
254,台中市西屯區環中路三段,✨可貓❤近74秋紅谷❤獨洗陽台❤衛浴開窗❤管理員✨,15坪,1,1,,獨立套房/電梯大廈,3樓/7樓,"11,499元"
255,台中市西屯區至善路,✨超級大間✨電梯管理員✨雙陽台獨洗✨衛浴開窗✨等你,15坪,1,1,,獨立套房/電梯大廈,11樓/15樓,"11,999元"
256,台中市西屯區台灣大道三段,朝馬SPA✔健身房可寵兩房可休旅,25.89坪,2,1,2,整層住家/電梯大廈,4樓/24樓,"25,999元"
257,台中市西屯區文華路,可短租可貓寵⭐️逢甲僑光⭐免投共洗省起來⭐機能方便,11坪,1,1,1,獨立套房/公寓,3樓/5樓,"5,499元"
258,台中市西屯區寧夏路,限時優惠⭐超大空間⭐採光超好⭐流理台⭐免爬樓⭐秒殺,12.26坪,-,,,整層住家/電梯大廈,7樓/8樓,"6,500元"
259,台中市西屯區福星路,走路到逢甲大學✨投幣共洗烘✨木質地板 ✨全新電梯,13坪,1,1,1,獨立套房/電梯大廈,3樓/8樓,"6,999元"
260,台中市西屯區福上巷龍欣三弄,逢甲水湳◕超新電梯◕凸窗獨曬◕乾濕分離,8.5坪,-,,,獨立套房/透天厝,5樓/7樓,"6,200元"
261,台中市西屯區河南路二段,❤水湳經貿❤陽台獨洗❤大空間❤採光通風佳❤,10坪,1,1,1,獨立套房/別墅,4樓/6樓,"6,499元"
262,台中市西屯區福上巷龍欣二弄,獨洗陽台流理台◕乾濕分離◕中科逢甲水湳中國醫,15坪,1,1,1,獨立套房/透天厝,3樓/4樓,"9,999元"
263,台中市西屯區西屯路二段,逢甲✔免費共洗✔陽台獨曬✔可貓咪✔小資首選✔,10坪,1,1,,獨立套房/公寓,4樓/5樓,"4,799元"
264,台中市西屯區華夏巷西五弄,❤近逢甲❤採光佳❤小資首選❤衛浴乾濕分離❤子母車❤,10坪,1,1,,獨立套房/透天厝,1樓/5樓,"6,499元"
265,台中市西屯區福安七街,東海澄清★稀有獨洗烘★下雨免煩惱★機能方便,13坪,1,1,1,獨立套房/透天厝,4樓/4樓,"7,999元"
266,台中市西屯區福科路,全新電梯◕獨洗陽台◕東海澄清中科工業區,16.58坪,-,,,獨立套房/別墅,4樓/6樓,"12,500元"
267,台中市西屯區市政路,24H電梯管理◕流理台微波爐◕市政逢甲朝馬遠百,14.15坪,-,,,獨立套房/電梯大廈,3樓/7樓,"11,999元"
268,台中市西屯區逢甲巷,✌️秒殺近逢甲超新電梯✌️陽台獨洗✌️乾濕分離,10坪,-,,,獨立套房/透天厝,3樓/5樓,"8,999元"
269,台中市西屯區合江街,秒殺✨子母車✨獨立洗衣機✨浴室乾濕分離,12坪,-,,,獨立套房/透天厝,3樓/4樓,"9,500元"
270,台中市西屯區西屯路三段,雙面採光✅有電梯陽台獨洗✅系統裝潢✅室內機車位,14坪,1,1,,獨立套房/電梯大廈,7樓/7樓,"12,999元"
271,台中市西屯區西屯路三段,超棒採光★室內機車★陽台獨洗★近東海,19坪,1,1,1,獨立套房/電梯大廈,6樓/7樓,"12,499元"
272,台中市西屯區華夏巷西五弄,秒殺逢甲❤獨洗曬陽台❤精美套房❤子母車❤可貓短租,10坪,1,1,,獨立套房/公寓,6樓/7樓,"6,499元"
273,台中市西屯區烈美街,可貓◕獨洗陽台◕逢甲中科朝馬,8.5坪,-,,,獨立套房/公寓,4樓/5樓,"6,200元"
274,台中市西屯區文華路,可短租+可寵秒殺+陽台+衛浴窗+子母車+大空間,9坪,1,1,1,獨立套房/透天厝,3樓~5樓/5樓,"3,699元"
275,台中市西屯區福雅路,⭐近中科⭐電梯⭐一房一廳⭐陽台獨洗⭐流理台⭐子母車,16坪,1,1,1,獨立套房/透天厝,5樓/5樓,"14,999元"
276,台中市西屯區漢口路二段,❤精美套房❤獨洗獨曬❤採光佳❤子母車.飲水機,8坪,1,1,,獨立套房/透天厝,3樓/3樓,"6,500元"
277,台中市西屯區福上巷龍欣三弄,超新電梯◕乾濕分離◕沙發陽台◕逢甲中科中國醫,15坪,-,,,獨立套房/透天厝,7樓/7樓,"8,499元"
278,台中市西屯區甘肅路一段,全新可貓一房一廳快搶✅陽台獨洗✅流理台✅,20坪,1,1,1,獨立套房/公寓,3樓/5樓,"16,499元"
279,台中市西屯區西安街,近逢甲★採光佳★可貓寵★24管理室,12坪,-,,,獨立套房/透天厝,2樓/6樓,"8,400元"
280,台中市西屯區四川路,小資女孩必看⭐近西區⭐衛浴開窗⭐獨洗曬⭐免管理費⭐,10.24坪,-,,,獨立套房/透天厝,2樓/4樓,"6,600元"
281,台中市西屯區順和三街,秒殺電梯有陽台獨洗子母車短租可談,12坪,1,1,,獨立套房/電梯大廈,3樓/7樓,"6,999元"
282,台中市西屯區櫻城三街,台水電管理員可貓狗⭐陽台獨洗⭐子母車,9.5坪,1,1,1,獨立套房/電梯大廈,3樓/7樓,"10,400元"
283,台中市西屯區青海路二段,可短租✓ㄧ房一廳✓陽台獨洗✓大空間✓,16坪,1,1,1,獨立套房/透天厝,5樓/5樓,"10,999元"
284,台中市西屯區龍門一街,全新電梯/系統櫃流理台/乾濕分離陽台獨洗/朝馬74,16坪,-,,,獨立套房/透天厝,4樓/5樓,"12,999元"
285,台中市西屯區光明路,秒殺近逢甲✌陽台獨洗✌機車位✌子母車,12坪,-,,,獨立套房/透天厝,1樓/5樓,"5,999元"
286,台中市西屯區西屯路二段,近新光遠百市政府⭐一年新屋⭐室內機車位,12坪,-,,,獨立套房/透天厝,3樓/6樓,"11,999元"
287,台中市西屯區福上巷龍欣二弄,✌️秒殺近逢甲類一房一廳✌️陽台獨洗✌️流理台,12坪,-,,,獨立套房/透天厝,2樓/5樓,"10,499元"
288,台中市西屯區國安一路,全新秒殺✅2+1房汽車位✅台水電梯管理員✅家具另談,43坪,3,1,2,整層住家/電梯大廈,7樓/15樓,"24,999元"
289,台中市西屯區西屯路二段,西屯路二段/飲水機/子母車/走路逢甲商圈/近東海,7坪,1,1,,獨立套房/透天厝,1樓/4樓,"4,500元"
290,台中市西屯區長安路二段,✨秒殺✨全新裝潢✨一房一廳✨可寵✨流理台✨陽台獨洗,18坪,1,1,1,整層住家/透天厝,4樓/5樓,"11,499元"
291,台中市西屯區華夏巷東四弄,最幸福的事●陽台獨洗可貓●近逢甲●已換雙門冰箱●,10.34坪,1,1,,獨立套房/公寓,3樓/6樓,"6,199元"
292,台中市西屯區漢口路一段,一房一廳⭐超大空間⭐雙面採光⭐衛浴開窗⭐漢口國中⭐,15.26坪,1,1,1,整層住家/公寓,6樓/6樓,"9,000元"
293,台中市西屯區重慶路,✌秒殺超便宜免爬高✌共用洗衣機✌小資首選,10坪,-,,,獨立套房/透天厝,2樓/5樓,"3,999元"
294,台中市西屯區西屯路二段,✌️秒殺近逢甲管理員✌️獨洗✌️乾濕分離,9坪,-,,,獨立套房/華廈,3樓/8樓,"5,999元"
295,台中市西屯區何厝街,⚡西屯區⚡秒殺電梯套房⚡獨洗曬⚡全新家具,10坪,1,1,1,獨立套房/透天厝,4樓/6樓,"7,800元"
296,台中市西屯區成都路,可租補✨子母車✨電梯美房✨飲水機,12坪,-,,,獨立套房/透天厝,2樓/10樓,"11,000元"
297,台中市西屯區漢口路二段,❧木地板採光宅～全配備❧市政博館❧一眼瞬間,9.13坪,1,1,,獨立套房/透天厝,3樓/4樓,"6,499元"
298,台中市西屯區逢甲路,❤近逢甲❤大空間❤乾溼分離❤小資首選❤子母車❤,10坪,1,1,,獨立套房/透天厝,3樓/6樓,"5,999元"
299,台中市西屯區西屯路二段,✨學生小資套房❤走路逢甲❤子母車✨,8坪,1,1,,獨立套房/公寓,6樓/7樓,"4,099元"
300,台中市西屯區福星路,全新裝潢/衛浴窗/大空間/逢甲僑光,10坪,-,,,獨立套房/電梯大廈,7樓/7樓,"6,999元"
301,台中市西屯區何厝街,❤遠百新光❤可寵物❤陽台獨洗❤流理臺❤子母車❤,12坪,1,1,1,獨立套房/別墅,4樓/6樓,"10,499元"
302,台中市西屯區漢成六街,秒殺❤可租屋補助❤電梯精美套房❤可家庭❤子母車❤,8坪,1,1,,獨立套房/電梯大廈,3樓/7樓,"5,999元"
303,台中市西屯區中工三路,三年新屋美房✨陽台獨洗✨飲水機✨子母車✨生活便利,11坪,-,,,獨立套房/透天厝,2樓/7樓,"8,500元"
304,台中市西屯區福上巷,出外人的好朋友❤️逢甲僑光❤️共洗曬❤️小資價,6坪,1,1,,獨立套房/透天厝,3樓/3樓,"3,999元"
305,台中市西屯區西屯路二段,台水電✅可貓咪✅管理員✅逢甲橋光✅新光遠百✅高採光,12.6坪,-,,,獨立套房/電梯大廈,5樓/9樓,"9,999元"
306,台中市西屯區福雅路,❤️可寵❤️正一房一廳❤️陽台流理臺子母車機車位,15坪,1,1,1,獨立套房/電梯大廈,4樓/6樓,"15,499元"
307,台中市西屯區文華路,❤️逢甲僑光❤️電梯套房❤️可貓貓❤️可短租,8坪,1,1,,獨立套房/電梯大廈,5樓/7樓,"5,299元"
308,台中市西屯區文華路,秒殺進逢甲可貓✅可凸窗曬✅木質地✅浴缸,12坪,-,,,獨立套房/華廈,4樓/8樓,"5,299元"
309,台中市西屯區環中路三段,國道旁✨高檔社區✨管理員✨可貓✨陽台獨洗✨乾溼衛浴,13坪,1,1,,獨立套房/電梯大廈,3樓/8樓,"11,499元"
310,台中市西屯區長安路二段,大坪數◕管理員◕沙發獨洗曬◕室內機車位◕水湳中國醫,12坪,-,,,獨立套房/公寓,2樓/5樓,"7,999元"
311,台中市西屯區西屯路二段,陽台獨洗◕落地採光◕逢甲SOGO新光遠百市政,10坪,-,,,獨立套房/透天厝,5樓/6樓,"6,499元"
312,台中市西屯區西屯路二段,全新電梯❤️系統裝潢❤️陽台獨洗❤️逢甲捷運,15坪,-,,,獨立套房/透天厝,3樓/6樓,"11,999元"
313,台中市西屯區西安街,✌秒殺近逢甲超便宜多間可選✌可凸窗曬✌小資首選,11坪,-,,,獨立套房/透天厝,2樓/5樓,"5,699元"
314,台中市西屯區大信街,✌秒殺爬樓精美裝潢✌陽台獨洗✌流理臺,13坪,-,,,獨立套房/公寓,5樓/6樓,"8,999元"
315,台中市西屯區中清路二段,近橋光、中國醫水湳⭐獨洗曬⭐大空間⭐,13坪,-,,,獨立套房/電梯大廈,3樓/7樓,"11,500元"
316,台中市西屯區西屯路二段,近逢甲僑光⭐系統櫃⭐機車位⭐陽台獨洗,12坪,-,,,獨立套房/透天厝,4樓/6樓,"12,999元"
317,台中市西屯區西屯路二段,全新電梯⭐超讚採光⭐機車位⭐陽台獨洗⭐文心櫻花站,18坪,1,1,1,獨立套房/電梯大廈,3樓/6樓,"11,999元"
318,台中市西屯區青海路二段,新光大遠百✅逢甲僑光✅管理員✅超強採光✅機車位✅,9坪,-,,,獨立套房/電梯大廈,7樓/8樓,"6,199元"
319,台中市西屯區西安街,逢甲僑光⭐採光佳⭐須爬梯⭐超低價,8坪,1,1,,獨立套房/公寓,5樓/6樓,"4,799元"
320,台中市西屯區西安街,秒殺近逢甲閃亮登場✅採光陽台✅小資首選✅,10坪,-,,,獨立套房/公寓,5樓/6樓,"4,500元"
321,台中市西屯區中工三路,⭐超質感❤️陽台獨洗❤️衛浴開窗❤️子母車,13坪,1,1,,獨立套房/電梯大廈,5樓/6樓,"10,999元"
322,台中市西屯區文華路, ❤短租半年❤逢甲橋光❤共洗獨曬❤採光佳❤子母車❤,10坪,1,1,,獨立套房/別墅,3樓/5樓,"5,199元"
323,台中市西屯區福安七街,東海澄清★稀有獨洗烘★下雨免煩惱★機能好,13坪,1,1,1,獨立套房/透天厝,4樓/4樓,"7,999元"
324,台中市西屯區河南路,逢甲中國醫⭐獨洗曬⭐衛浴窗⭐小資價,9坪,1,1,,獨立套房/公寓,5樓/6樓,"6,499元"
325,台中市西屯區逢甲路,【秒殺正廣】全新未住@多間可選@獨洗曬@走路去逢甲,10坪,-,,,獨立套房/透天厝,2樓/4樓,"8,999元"
326,台中市西屯區河南路一段,可貓咪⭐大空間⭐乾溼分離⭐小資必租,10坪,1,1,,獨立套房/透天厝,6樓/7樓,"6,499元"
327,台中市西屯區西屯路二段,超級大坪數⚡類一房一廳⚡陽台獨洗⚡絕美採光,18坪,1,1,,獨立套房/透天厝,3樓/5樓,"11,999元"
328,台中市西屯區逢甲路,【秒殺正廣】@超精華地帶@沙發@走路去逢甲~~~,10坪,-,,,獨立套房/透天厝,2樓/3樓,"6,999元"
329,台中市西屯區河南路二段,河南路二段✨可租汽車位獨洗採光好✨逢甲商圈大遠百,12坪,1,1,1,獨立套房/電梯大廈,6樓/8樓,"8,299元"
330,台中市西屯區台灣大道三段,新光百貨✔1樓套房✨洗衣機飲水機,8.9坪,1,1,,獨立套房/透天厝,1樓/3樓,"4,999元"
331,台中市西屯區華夏巷西五弄,管理員⭐陽台獨洗⭐1樓免爬⭐小資必租,9.5坪,1,1,,獨立套房/公寓,1樓/5樓,"5,999元"
332,台中市西屯區中工三路,中科世貿⭐單人新套⭐獨洗烘⭐一樓免爬,7.5坪,1,1,,獨立套房/透天厝,1樓/4樓,"5,499元"
333,台中市西屯區皇城街,全新電梯◕可報稅◕獨洗陽台◕水湳中國醫,15坪,-,,,獨立套房/透天厝,6樓/7樓,"12,499元"
334,台中市西屯區精明一街,整棟全新⭐陽台獨洗⭐大空間⭐室內機車⭐精誠,15.2坪,-,,,獨立套房/透天厝,3樓/5樓,"13,000元"
335,台中市西屯區慶和街,秒殺近逢甲✌超便宜電梯✌可凸窗曬✌小資首選,11坪,-,,,獨立套房/透天厝,2樓/7樓,"4,500元"
336,台中市西屯區櫻城三街,近逢甲遠百新光⭐新屋獨洗曬⭐機車位,12坪,-,,,獨立套房/透天厝,3樓/6樓,"9,500元"
337,台中市西屯區文華路,逢甲❤共洗獨曬❤採光佳❤小資首選,10坪,1,1,,獨立套房/別墅,3樓/5樓,"5,299元"
338,台中市西屯區順和七街,全新未住⭐️變頻冷氣⭐️陽台獨洗,8.5坪,1,1,,獨立套房/電梯大廈,6樓/9樓,"10,000元"
339,台中市西屯區福上巷,秒殺✨三房一廳✨流理台✨子母車✨機能便利飲水機,20坪,-,,,獨立套房/透天厝,3樓/3樓,"17,300元"
340,台中市西屯區逢甲路,走路逢甲❤可短租❤獨洗曬❤絕佳地點❤可貓寵,12坪,1,1,,獨立套房/透天厝,3樓/5樓,"7,799元"
341,台中市西屯區文華路,可貓寵⭐可短租⭐洗衣免投⭐逢甲,8.9坪,1,1,,獨立套房/公寓,3樓/5樓,"5,499元"
342,台中市西屯區西屯路三段,✨整棟新蓋✨系統裝潢✨陽台獨洗曬✨電梯✨室內機車位,17坪,1,1,,獨立套房/電梯大廈,5樓/6樓,"10,999元"
343,台中市西屯區福雅路,⭐可寵正一房一廳❤️陽台獨洗❤️流理台,16坪,1,1,1,整層住家/電梯大廈,6樓/7樓,"14,999元"
344,台中市西屯區西屯路二段上石北二巷,✌秒殺類一房一廳可貓✌陽台獨洗✌電梯管理員✌,13坪,1,1,1,獨立套房/電梯大廈,3樓/5樓,"12,999元"
345,台中市西屯區福上巷,❤️逢甲商圈❤️可貓❤️雙人床.共洗❤️小資價,8坪,1,1,,獨立套房/透天厝,3樓/3樓,"4,299元"
346,台中市西屯區何厝街,❤️何厝商圈.可報稅❤️可寵❤️陽台獨洗❤️子母車,10坪,1,1,,獨立套房/透天厝,4樓/4樓,"10,500元"
347,台中市西屯區皇城街,✌秒殺近文華類一房一廳✌陽台獨洗✌電磁爐,12坪,-,,,獨立套房/透天厝,2樓/7樓,"11,499元"
348,台中市西屯區寶慶街,近逢甲✅可貓✅乾溼分離✅電梯管理員✅流理臺,13坪,-,,,獨立套房/電梯大廈,3樓/8樓,"10,999元"
349,台中市西屯區順和一街,❤️全新東海中科❤️樓中樓陽台獨洗流理臺❤️機車位,15坪,1,1,1,獨立套房/電梯大廈,1樓~7樓/7樓,"13,999元"
350,台中市西屯區逢甲路,免管⭐可租補⭐大坪數⭐免爬高⭐雙面採光⭐逢甲商圈⭐,10.12坪,-,,,獨立套房/透天厝,3樓/5樓,"7,000元"
351,台中市西屯區西屯路二段,陽台獨洗●近逢甲商圈●可貓可狗●台水台電●免管理費,9.5坪,1,1,,獨立套房/公寓,4樓/6樓,"6,500元"
352,台中市西屯區文華路,秒殺近逢甲多間可選✅可凸窗曬✅可貓✅可短租,11坪,-,,,獨立套房/公寓,3樓/5樓,"5,499元"
353,台中市西屯區工業區三十八路,全新未住⭐大陽台獨洗⭐電梯⭐先看先選⭐機車好停⭐搶,15.12坪,-,,,獨立套房/電梯大廈,8樓/8樓,"11,500元"
354,台中市西屯區西安街,可貓兔◕凸窗獨曬◕學子首選◕走路逢甲僑光,10坪,-,,,獨立套房/公寓,2樓/5樓,"7,600元"
355,台中市西屯區福上巷,⭐可貓❤️超便宜❤️採光,6坪,1,1,,獨立套房/透天厝,3樓/5樓,"4,299元"
356,台中市西屯區青海路二段,⭐可寵❤️2+1房雙陽台❤️可戶籍,20坪,3,1,1,整層住家/電梯大廈,7樓/12樓,"18,500元"
357,台中市西屯區西屯路二段,秒殺近逢甲大坪數✨陽台獨洗✨沙發木質地✨,13.5坪,-,,,獨立套房/透天厝,3樓/5樓,"11,999元"
358,台中市西屯區寶慶街,✌秒殺近逢甲可貓管理員✌可凸窗曬✌小資首選木質,11坪,-,,,獨立套房/電梯大廈,3樓/8樓,"4,999元"
359,台中市西屯區文心路二段,秒殺全新✅2+1房✅可寵✅家具齊全✅電梯管理員,51坪,3,2,2,整層住家/電梯大廈,9樓/13樓,"22,999元"
360,台中市西屯區櫻城五街,⚡️櫻城5-8逢甲中科⚡️陽台獨洗⚡️機車位,10坪,1,1,,獨立套房/電梯大廈,3樓/5樓,"6,999元"
361,台中市西屯區福上巷,秒殺逢甲❤可貓狗首選❤短租精美套房❤機車位❤子母車,8坪,1,1,,獨立套房/透天厝,1樓/6樓,"4,199元"
362,台中市西屯區華夏巷西五弄,✨我要你用心感受✨有夠超級貼心價✨這裡陽台獨洗曬,8坪,1,1,,獨立套房/透天厝,1樓/5樓,"6,500元"
363,台中市西屯區文華路,秒殺逢甲❤可寵物❤電梯精美套房❤機車位❤子母車,10坪,1,1,,獨立套房/電梯大廈,6樓/7樓,"5,499元"
364,台中市西屯區西屯路二段,超便宜/可貓/凸窗曬/逢甲遠百,7坪,-,,,獨立套房/公寓,2樓/5樓,"4,600元"
365,台中市西屯區甘肅路一段,❤文心捷運❤陽台獨洗❤流理臺❤子母車❤,10坪,1,1,1,獨立套房/透天厝,2樓/6樓,"8,499元"
366,台中市西屯區順和七街,中科❤全新一房一廳✔有陽台✔子母車飲水機,12.9坪,1,1,1,獨立套房/電梯大廈,2樓/5樓,"9,499元"
367,台中市西屯區順和七街,台中工業區⭐搶先預定⭐全新未住⭐陽台獨洗⭐採光超好,15坪,1,1,1,獨立套房/電梯大廈,3樓/8樓,"9,499元"
368,台中市西屯區西屯路二段,喜歡你沒道理●陽台獨洗●一房一廳●近逢甲●一層兩戶,12.5坪,1,1,1,獨立套房/透天厝,3樓/4樓,"12,000元"
369,台中市西屯區西屯路三段,享受陽光吧★雙面採光★室內機車★陽台獨洗★東海澄清,17坪,1,1,1,獨立套房/電梯大廈,6樓/8樓,"10,999元"
370,台中市西屯區太原路一段,❤可貓咪❤陽台獨洗✅系統裝潢✨1樓免爬高❤,11坪,1,1,,獨立套房/透天厝,1樓/5樓,"8,000元"
371,台中市西屯區朝馬二街,七期全新｜近74.朝馬轉運站｜大三房平車,57.6坪,3,2,2,整層住家/電梯大廈,2樓/14樓,"38,000元"
372,台中市西屯區逢甲路,小資首選◕大面採光◕可租屋補助◕逢甲僑光,9坪,-,,,獨立套房/透天厝,3樓/5樓,"5,999元"
373,台中市西屯區順和七街,⚡龍井區⚡全新電梯透天⚡變頻冷氣⚡陽台獨洗,11坪,1,1,1,獨立套房/透天厝,5樓/8樓,"9,500元"
374,台中市西屯區成都路,全新秒殺✅美裝潢4+1房平車✅台水電梯管理員,63坪,5,2,2,整層住家/電梯大廈,6樓/15樓,"29,499元"
375,台中市西屯區西屯路二段上石北二巷,1房1廳可貓咪♡︎陽台獨洗曬超優♡︎免爬梯,13坪,1,1,1,獨立套房/電梯大廈,3樓/10樓,"12,999元"
376,台中市西屯區順和七街,全新完工/大空間/陽台獨洗曬/東海商圈,14坪,1,1,,獨立套房/電梯大廈,5樓/8樓,"8,999元"
377,台中市西屯區西屯路二段,新ღ近逢甲ღ獨洗曬ღ採光佳ღ飲水機子母車ღ機車好停,13坪,1,1,,獨立套房/別墅,3樓/5樓,"10,000元"
378,台中市西屯區中平路,西屯最稀有✨大片採光✨子母車獨洗陽台✨電梯近水湳,11坪,1,1,1,獨立套房/電梯大廈,4樓/5樓,"8,499元"
379,台中市西屯區文心路二段,台水台電✅可狗狗✅正兩房✅管理員✅精華地段,25坪,2,2,2,整層住家/電梯大廈,9樓/12樓,"22,999元"
380,台中市西屯區中平路,⚡西屯區⚡精美兩房⚡家具全配⚡有廚房,25坪,2,1,1,整層住家/華廈,7樓/8樓,"18,500元"
381,台中市西屯區市政北五路,全新秒殺✅四房平車✅家具齊全✅台水電梯管理員,66坪,4,2,2,整層住家/電梯大廈,5樓/15樓,"49,999元"
382,台中市西屯區工業區十六路,全新❤️東海中科❤️乾溼分離❤️流理台❤️車位可租,15坪,1,1,,獨立套房/電梯大廈,3樓~4樓/4樓,"9,475元"
383,台中市西屯區西屯路二段,近文華捷運✅陽台獨洗✅免爬高✅雙門大冰箱✅乾溼分離,11.22坪,1,1,,獨立套房/透天厝,2樓/4樓,"10,000元"
384,台中市西屯區西屯路二段, 逢甲ღ共洗凸窗獨曬ღ小資首選ღ子母車ღ,10坪,1,1,,獨立套房/別墅,4樓/6樓,"4,999元"
385,台中市西屯區福安七街,秒殺✅近澄清✅獨洗烘✅系統櫃裝潢✅,12坪,-,,,獨立套房/別墅,4樓/5樓,"7,499元"
386,台中市西屯區逢大路,四房兩衛兩陽臺加車位家俱台水電寵可談,50坪,4,2,2,獨立套房/電梯大廈,6樓/10樓,"24,999元"
387,台中市西屯區逢甲路,❤近逢甲❤可貓❤獨洗獨曬❤可短租❤子母車❤,10坪,1,1,1,獨立套房/別墅,3樓/6樓,"7,499元"
388,台中市西屯區福科路,超秒殺~近榮總❤陽台獨洗❤台水台電❤先搶先贏,13坪,1,1,,獨立套房/透天厝,2樓/6樓,"13,999元"
389,台中市西屯區福順路,小資首選~近中科❤台水電❤1樓免爬梯❤先搶先贏,10坪,1,1,,獨立套房/透天厝,1樓/6樓,"9,999元"
390,台中市西屯區河南路二段,秒殺進逢甲電梯✅獨洗凸窗曬✅沙發大空間✅快點搶✅,13坪,-,,,獨立套房/電梯大廈,6樓/8樓,"8,299元"
391,台中市西屯區至善路,近逢甲僑光⭐電梯管理員⭐雙陽台採光好⭐超大坪數,18坪,1,1,1,獨立套房/電梯大廈,11樓/13樓,"11,999元"
392,台中市西屯區西屯路二段,【秒殺正廣】@電梯@陽台獨洗@台水台電@室內機車位,8坪,-,,,獨立套房/電梯大廈,3樓/8樓,"5,999元"
393,台中市西屯區逢甲路,走路到逢甲⭐獨洗凸窗曬全新裝潢可寵可短租,12坪,-,,,獨立套房/透天厝,2樓/6樓,"7,500元"
394,台中市西屯區華夏巷西五弄,近逢甲大學⭐️可貓寵⭐️機車位1格好溫馨⭐陽台獨洗,13坪,1,1,1,獨立套房/公寓,2樓/5樓,"7,999元"
395,台中市西屯區寧夏西四街,❤近科博館❤陽台獨洗❤流理臺❤子母車❤採光佳❤,10坪,1,1,1,獨立套房/電梯大廈,5樓/7樓,"9,000元"
396,台中市西屯區順和七街,整棟新蓋多間可選陽台獨洗龍井之最,10坪,-,,,整層住家/電梯大廈,1樓~8樓/8樓,"9,499元"
397,台中市西屯區順和七街,整棟新蓋首批入住●陽台獨洗●中科東海首選●變頻冷氣,11.34坪,1,1,,獨立套房/電梯大廈,6樓/8樓,"8,999元"
398,台中市西屯區中工三路,【秒殺正廣】@全新電梯宅@超級大空間@陽台獨洗,15坪,-,,,獨立套房/電梯大廈,5樓/7樓,"12,999元"
399,台中市西屯區西屯路二段,秒殺可貓近逢甲✅可凸窗曬✅單人床✅衛浴開窗✅,9坪,-,,,獨立套房/透天厝,2樓/5樓,"3,599元"
400,台中市西屯區福上巷龍欣三弄,✨電梯上樓✨衛浴乾溼分離✨陽台獨曬✨室內機車位,11坪,1,1,,獨立套房/透天厝,7樓/7樓,"8,499元"
401,台中市西屯區漢口路一段,台水電公寓樓梯⭐2+1房 2衛浴 陽台 廚房,30.5坪,3,2,1,整層住家/公寓,3樓/6樓,"23,000元"
402,台中市西屯區中工三路,抽菸不租⭐陽台獨洗⭐子母車,12.5坪,1,1,,獨立套房/電梯大廈,3樓/8樓,"11,000元"
403,台中市西屯區四川路,稀有釋出✨類一房一廳✨陽台獨洗✨電梯管理員,16坪,1,1,1,獨立套房/電梯大廈,7樓/12樓,"10,499元"
404,台中市西屯區華夏巷西四弄,✌️秒殺近逢甲免爬高✌️可凸窗曬✌️乾濕分離,11坪,-,,,獨立套房/透天厝,1樓/4樓,"6,499元"
405,台中市西屯區西屯路二段上石北二巷,電梯管理員✨可貓美式風✨子母車✨走路逛逢甲,12.5坪,1,1,1,獨立套房/電梯大廈,3樓/7樓,"12,999元"
406,台中市西屯區西林巷,園區旁套房+平車,10坪,1,1,1,獨立套房/透天厝,1樓/1樓,"12,000元"
407,台中市西屯區河南路二段,❤逢甲商圈❤沙發❤獨洗獨曬❤大空間❤採光佳❤,12坪,1,1,,獨立套房/電梯大廈,6樓/7樓,"8,299元"
408,台中市西屯區文心路三段,文心捷運站美宅★世界之心視野２房平車,39.5坪,2,2,2,整層住家/電梯大廈,12樓/18樓,"33,000元"
409,台中市西屯區台灣大道四段,不要錯過●陽台獨洗●正一房一廳可家庭●近澄清#世貿,15.34坪,1,1,1,獨立套房/透天厝,2樓/5樓,"12,999元"
410,台中市西屯區櫻花路,秒殺近逢甲可貓台水電✅陽台獨洗✅可報稅補助✅,12坪,-,,,獨立套房/電梯大廈,6樓/8樓,"8,400元"
411,台中市西屯區櫻城三街,櫻花捷運站✔電梯一房一廳✨飲水機子母車,13坪,1,1,1,獨立套房/別墅,3樓/5樓,"9,499元"
412,台中市西屯區四川路,陽光美房★電梯管理員★陽台獨洗★近永豐棧,16坪,1,1,1,獨立套房/電梯大廈,9樓/10樓,"10,499元"
413,台中市西屯區西屯路二段,【秒殺正廣】@超新@超精華地帶@獨洗曬@走路去逢甲,10坪,-,,,獨立套房/透天厝,3樓/4樓,"9,999元"
414,台中市西屯區至善路,逢甲校門直走/新光對面/中科逢甲舒適房/短租洽,10.54坪,1,1,,獨立套房/電梯大廈,4樓/7樓,"9,800元"
415,台中市西屯區漢口路二段,黃金店面✅營登✅騎樓可用✅台電✅禁重油煙,42坪,-,,,店面/別墅,1樓/1樓,"35,999元"
416,台中市西屯區青海路二段,面至善國中，環境清幽，適合單身上班女生。,6坪,3,2,2,雅房/電梯大廈,5樓/14樓,"3,400元"
417,台中市西屯區逢甲路,台水電⭐電梯⭐管理員⭐大坪數超自在⭐逢甲,10.55坪,-,,,獨立套房/電梯大廈,4樓/5樓,"9,600元"
418,台中市西屯區文華路,可貓咪❤逢甲商圈✅精美裝潢❤機能優❤採光佳,8坪,1,1,,獨立套房/公寓,3樓/6樓,"6,000元"
419,台中市西屯區華美西街二段,秒殺全新✅三房✅可寵✅現況出租✅爬梯四樓,42坪,3,1,2,整層住家/別墅,4樓/5樓,"13,999元"
420,台中市西屯區西屯路二段湳子巷,秒殺進逢甲✌獨洗曬✌流理臺✌乾溼分離,12坪,-,,,獨立套房/公寓,3樓/5樓,"6,499元"
421,台中市西屯區烈美街,報稅補助✓逢甲僑光✓大落地窗✓走路逛逢甲✓,10坪,1,1,,獨立套房/電梯大廈,3樓/7樓,"5,999元"
422,台中市西屯區福科路,【秒殺正廣】@電梯@陽台@中科首選@超級大空間,10坪,-,,,獨立套房/透天厝,1樓/8樓,"9,999元"
423,台中市西屯區中工三路,【秒殺正廣】@全新電梯宅@陽台獨洗@近中科澄清~,10坪,-,,,獨立套房/電梯大廈,2樓/7樓,"10,999元"
424,台中市西屯區福上巷,【秒殺正廣】@小資首選@可貓寵@近逢甲僑光~,7坪,-,,,獨立套房/透天厝,3樓/3樓,"4,500元"
425,台中市西屯區中工三路,❤️中科台積電澄清❤️陽台獨洗浴室開窗❤️優質宅,11坪,1,1,,獨立套房/電梯大廈,5樓/7樓,"8,999元"
426,台中市西屯區櫻城三街,秒殺近逢甲超新電梯✅陽台獨洗✅衛浴開窗,12坪,-,,,獨立套房/透天厝,2樓/8樓,"9,499元"
427,台中市西屯區櫻城三街,❤️逢甲商圈❤️全新❤️陽台獨洗沙發❤️子母車,12坪,1,1,1,獨立套房/電梯大廈,5樓/7樓,"9,499元"
428,台中市西屯區中工三路,❤️近中科工業區❤️全新完工❤️陽台獨洗流理臺❤️,14坪,1,1,,獨立套房/電梯大廈,5樓/7樓,"10,999元"
429,台中市西屯區長安路一段,文心路旁1F角間店面～適辦公、工作室,40坪,-,,,店面/透天厝,1樓/4樓,"28,000元"
430,台中市西屯區中清路二段,全新免仲/短租加價/大坪數/獨洗曬/近逢甲中科74,13坪,-,,,獨立套房/透天厝,1樓/5樓,"8,999元"
431,台中市西屯區朝富路,秒殺近朝馬✅精美裝潢✅乾濕分離✅系統櫃✅,12坪,-,,,獨立套房/透天厝,4樓/5樓,"9,799元"
432,台中市西屯區上石路,⭐新光遠百⭐爬二樓⭐子母車飲水機⭐巷內安靜,10坪,1,1,,獨立套房/透天厝,2樓/4樓,"7,800元"
433,台中市西屯區工業區三十八路,全新未住⭐第一手傢俱⭐電梯⭐先看先選⭐機車好停⭐搶,10.12坪,-,,,獨立套房/電梯大廈,6樓/8樓,"9,000元"
434,台中市西屯區西安街,逢甲❤共洗凸窗曬衣❤採光佳❤小資首選,10坪,1,1,,獨立套房/別墅,5樓/6樓,"4,799元"
435,台中市西屯區福上巷,秒殺逢甲❤可寵短租首選❤精美套房❤子母車,12坪,1,1,,獨立套房/透天厝,2樓/5樓,"6,499元"
436,台中市西屯區福順路,全新完工~近中科❤台水台電❤陽台獨洗❤先搶先贏,12坪,1,1,,獨立套房/透天厝,2樓/6樓,"10,999元"
437,台中市西屯區惠中路,全新裝潢❤️｜間間獨洗曬｜多間選擇｜近遠百新光,10坪,1,1,,獨立套房/透天厝,3樓/5樓,"7,799元"
438,台中市西屯區順和一街,整棟全新⭐陽台獨洗⭐子母車⭐機車位⭐東海,13.5坪,-,,,獨立套房/電梯大廈,3樓/7樓,"10,500元"
439,台中市西屯區順和七街,全新完工✨電梯新屋✨精美套房✨子母車✨陽台獨洗,12坪,1,1,,獨立套房/電梯大廈,2樓/7樓,"9,000元"
440,台中市西屯區櫻城三街,近逢甲僑光★全新電梯★陽台獨洗★室內機車★秒殺,12坪,1,1,1,獨立套房/電梯大廈,3樓/7樓,"9,499元"
441,台中市西屯區西屯路二段上石北二巷,✨喵喵喵可貓✨秒秒秒殺啦✨類一房一廳把握機會了,14坪,1,1,1,獨立套房/電梯大廈,3樓/11樓,"13,000元"
442,台中市西屯區中平路,近逢甲水湳中科✅陽台獨洗✅室內機車位✅,12坪,-,,,獨立套房/透天厝,3樓/6樓,"8,500元"
443,台中市西屯區中平路,✓水湳中國醫旁✓陽台獨洗✓室內機車位✓9成新✓,11坪,1,1,,獨立套房/電梯大廈,3樓~5樓/6樓,"8,499元"
444,台中市西屯區寶慶街,精銳豪宅案✨全新兩房✨附車位網路第四台✨近逢甲商圈,45坪,2,1,1,獨立套房/電梯大廈,23樓/25樓,"38,999元"
445,台中市西屯區福順路,超秒殺~近中科❤全新未住❤台水台電❤先搶先贏,13坪,1,1,,獨立套房/透天厝,2樓/7樓,"11,999元"
446,台中市西屯區福上巷,電梯/陽台/可短租半年/逢甲遠百,10坪,-,,,獨立套房/透天厝,2樓/6樓,"7,800元"
447,台中市西屯區西安街,類一房一廳✨可報稅租補小家庭✨陽台獨洗✨電梯管理員,18.5坪,1,1,1,整層住家/電梯大廈,2樓/12樓,"15,999元"
448,台中市西屯區西屯路二段,近逢甲僑光⭐一年裝潢⭐陽台獨洗凸窗曬,12坪,-,,,獨立套房/透天厝,2樓/6樓,"9,500元"
449,台中市西屯區四川路,你是我的摯愛●陽台獨洗●一房一廳●電梯管理員●,12.58坪,1,1,1,獨立套房/電梯大廈,7樓/16樓,"10,500元"
450,台中市西屯區西屯路二段,西屯路✔一房一廳❤有陽台機車位,11.8坪,1,1,1,獨立套房/電梯大廈,7樓/8樓,"12,499元"
451,台中市西屯區逢明街,⚡西屯區⚡大套房⚡可寵可貓可狗⚡陽台獨洗,18坪,1,1,1,整層住家/電梯大廈,4樓/12樓,"21,000元"
452,台中市西屯區西屯路二段上石北二巷,可貓一房一廳◕電梯管理◕獨洗陽台◕中科逢甲中國醫,15坪,1,1,1,獨立套房/電梯大廈,3樓/10樓,"12,999元"
453,台中市西屯區四川路,秒殺✨採光佳✨飲水機✨子母車✨機能便利,12坪,-,,,獨立套房/電梯大廈,7樓/7樓,"8,500元"
454,台中市西屯區順和三街,近東海澄清醫院短租⭐全新樓中樓⭐獨洗獨曬⭐,15坪,-,,,獨立套房/樓中樓,2樓/7樓,"12,999元"
455,台中市西屯區四川路,秒殺類一房一廳✅陽台獨洗✅精美裝潢✅,13坪,-,,,獨立套房/電梯大廈,9樓/12樓,"10,499元"
456,台中市西屯區何厝街,黃金店面✅三角窗✅全新完工✅營登✅禁餐飲✅門前停車,42坪,-,,,店面/別墅,1樓/1樓,"39,999元"
457,台中市西屯區逢甲路,走路到逢甲★投幣共洗★機能方便★全新裝潢★子母車,12坪,1,1,1,獨立套房/透天厝,3樓/8樓,"5,499元"
458,台中市西屯區福安二街,中科世貿⭐免爬高⭐衛浴窗⭐小資價,8.5坪,1,1,,獨立套房/透天厝,2樓/5樓,"5,699元"
459,台中市西屯區甘肅路一段,✨全新大坪數✨一房一廳✨小和室✨質感裝潢✨可養貓貓,18坪,1,1,1,獨立套房/透天厝,2樓/5樓,"14,799元"
460,台中市西屯區華夏巷西五弄,❧管理員～低樓層免爬高❧即刻入住全配備❧逢甲僑光,9.23坪,1,1,,獨立套房/公寓,1樓/5樓,"6,499元"
461,台中市西屯區福吉街,西屯區⚡全新兩房⚡含網路⚡含汽機車位,20坪,2,1,1,整層住家/電梯大廈,3樓/15樓,"22,000元"
462,台中市西屯區至善路,全新秒殺✅二房汽車位✅台水電梯管理員✅工作證明,46坪,2,1,2,整層住家/電梯大廈,8樓/15樓,"25,499元"
463,台中市西屯區福安七街,❤️榮總澄清中科❤️陽台獨洗❤️飲水機子母車❤️,10坪,1,1,,獨立套房/電梯大廈,3樓/7樓,"9,499元"
464,台中市西屯區工業區三十八路,✓全新美美的✓樓中樓✓陽台獨洗✓機車位✓多間選選,15坪,1,1,1,獨立套房/透天厝,1樓~6樓/6樓,"12,999元"
465,台中市西屯區何厝街,✨秒殺噹噹✨滾燙的洗衣機有夠讚✨整個全新你賺到✨,9坪,1,1,,獨立套房/透天厝,4樓/8樓,"7,800元"
466,台中市西屯區台灣大道三段,全新秒殺✅一房一廳✅報稅租補入戶籍✅台水電梯管理員,19坪,1,1,1,整層住家/電梯大廈,13樓/18樓,"38,799元"
467,台中市西屯區朝富路,跟新光三越當鄰居✨回家可泡澡✨子母車飲水機✨,12坪,1,1,,獨立套房/透天厝,4樓/5樓,"9,800元"
468,台中市西屯區西屯路二段,【秒殺正廣】@超精華地帶@沙發@走路去逢甲~,10坪,-,,,獨立套房/透天厝,3樓/4樓,"9,999元"
469,台中市西屯區西屯路二段,逢甲中科的最愛★電梯★陽台獨洗★衛浴開窗★機車位,12坪,1,1,,獨立套房/電梯大廈,5樓/8樓,"12,000元"
470,台中市西屯區福星路,可貓新裝潢◕電梯◕共洗烘◕逢甲僑光,11坪,-,,,獨立套房/電梯大廈,6樓/8樓,"7,499元"
471,台中市西屯區順和七街,近東海榮總⛅全新未住⛅衛浴開窗⛅獨洗曬,12坪,-,,,獨立套房/透天厝,3樓/6樓,"8,999元"
472,台中市西屯區烈美街,逢甲陽台獨洗/管理員/走路上課/超便宜,10.6坪,1,1,,獨立套房/透天厝,1樓/1樓,"5,999元"
473,台中市西屯區逢甲路,逢甲僑光◕秒殺全新可貓◕沙發獨洗曬◕免爬高,10坪,-,,,獨立套房/公寓,3樓/5樓,"7,799元"
474,台中市西屯區福順路,超秒殺~近中科❤陽台獨洗❤1樓免爬梯❤台水電,15坪,1,1,,獨立套房/透天厝,1樓/6樓,"15,999元"
475,台中市西屯區福星路,可貓可短租須加價✓獨洗曬✓稀有釋出✓唯獨一間✓逢甲,10.26坪,1,1,,獨立套房/透天厝,2樓/5樓,"7,499元"
476,台中市西屯區長安路一段,溫馨大套⭐陽台獨洗⭐木地板⭐台水電⭐走路到捷運⭐秒,10.12坪,-,,,獨立套房/電梯大廈,4樓/8樓,"10,000元"
477,台中市西屯區龍門一街,✨電梯小豪宅✨系統大衣櫃✨免治馬桶✨流理台✨獨洗曬,13坪,1,1,1,獨立套房/電梯大廈,2樓/6樓,"12,999元"
478,台中市西屯區中工三路,東海澄清世貿★整棟全新★系統裝潢★陽台獨洗★電梯,11坪,1,1,1,獨立套房/電梯大廈,3樓/7樓,"8,999元"
479,台中市西屯區朝富路,秋紅谷/朝馬⭐️系統家具/採光佳/秒殺快/有電梯,10坪,1,1,,獨立套房/透天厝,4樓/5樓,"9,799元"
480,台中市西屯區中工三路,✌秒殺近澄清工業超新電梯✌陽台獨洗✌衛浴開窗,12坪,-,,,獨立套房/透天厝,5樓/7樓,"9,499元"
481,台中市西屯區西屯路二段,✌秒殺進逢甲沙發大空間✌獨洗窗曬✌超新爬樓,13坪,-,,,獨立套房/透天厝,2樓/6樓,"9,999元"
482,台中市西屯區西屯路三段,近澄清朝馬東海⭐室內機車位汽車位好租,12坪,-,,,獨立套房/透天厝,5樓/6樓,"11,500元"
483,台中市西屯區華夏巷西五弄,逢甲僑光⭐1樓免爬⭐乾溼分離⭐小資必租,9.5坪,1,1,,獨立套房/透天厝,1樓/5樓,"6,499元"
484,台中市西屯區西屯路二段,黃金住店✅整棟三樓✅營登✅禁油煙✅門前停車,69坪,-,,,住辦/別墅,整棟/3樓,"46,999元"
485,台中市西屯區順和一街,東海中科全新❤️陽台獨洗❤️分離式冷氣飲水機子母車,10坪,1,1,,獨立套房/電梯大廈,1樓~7樓/7樓,"8,999元"
486,台中市西屯區福雅路,近榮總醫院⭐可寵貓狗⭐一房一廳⭐,15坪,-,,,獨立套房/透天厝,3樓/6樓,"15,500元"
487,台中市西屯區福吉街,全新社區✨兩房加車位✨家俱全配✨近七期中科水湳逢甲,20坪,2,1,1,獨立套房/電梯大廈,3樓/10樓,"21,999元"
488,台中市西屯區寶慶街,❤近逢甲❤獨洗凸窗曬❤可租屋補助❤管理員❤子母車❤,12坪,1,1,,獨立套房/電梯大廈,5樓/12樓,"5,999元"
489,台中市西屯區順和三街,期待下班回到家✨全新完工樓中樓✨室內機車✨東海大學,20坪,1,1,1,整層住家/電梯大廈,3樓/6樓,"12,999元"
490,台中市西屯區國安一路,✨台水電✨可家庭✨流理台✨陽台獨洗✨管理員汽機車位,25坪,1,1,,獨立套房/電梯大廈,5樓/12樓,"16,999元"
491,台中市西屯區中工三路,近東海中科✨極新電梯✨子母車✨隨時可看,14坪,1,,,獨立套房/電梯大廈,2樓/7樓,"8,999元"
492,台中市西屯區漢翔路,豪華大三房⭐雙車位⭐輕食吧檯⭐優雅更衣室⭐台水台電,50坪,3,2,2,整層住家/電梯大廈,3樓/15樓,"37,999元"
493,台中市西屯區工業區一路,分租店面～可共享空間- 純一樓獨立衛浴~現為美業,14坪,-,,,店面/電梯大廈,1樓/14樓,"17,000元"
494,台中市西屯區國安一路,絕對真實♗2+1房♗機械車位♗超美裝潢♗近榮總東海,30坪,2,1,1,整層住家/電梯大廈,7樓/14樓,"22,999元"
495,台中市西屯區逢甲路,可貓⚕超新⚕可短租⚕獨洗曬⚕木質地板,10坪,1,1,1,獨立套房/透天厝,3樓/6樓,"7,499元"
496,台中市西屯區安和路,黃金店面✅全新完工✅超大面寬✅營登✅禁餐飲,62坪,-,,,店面/別墅,1樓/1樓,12.9999萬
497,台中市西屯區長安路二段,水湳市場❤️三樓陽台套房❤️飲水機✔️子母車,9坪,1,1,,獨立套房/透天厝,3樓/4樓,"4,999元"
498,台中市西屯區西屯路三段,⭐超新❤️陽台獨洗❤️絕美採光,13坪,1,1,,獨立套房/電梯大廈,5樓/6樓,"11,499元"
499,台中市西屯區中康二街,逢甲/水湳/泉宇未來/3房平車,22.61坪,3,2,2,整層住家/電梯大廈,12樓/13樓,"35,000元"
500,台中市西屯區國安一路,獨家世紀凱悅邊間視野美三房,25坪,3,2,2,整層住家/電梯大廈,7樓/22樓,"26,000元"
501,台中市西屯區福順路,全新未住~近榮總❤台水台電❤一房一廳❤陽台獨洗,20坪,1,1,1,獨立套房/透天厝,2樓/6樓,"18,999元"
502,台中市西屯區中工三路,⭐東海世貿⭐電梯⭐子母車⭐飲水機⭐儲值電卡式⭐,18坪,1,1,1,獨立套房/透天厝,7樓/7樓,"14,999元"
503,台中市西屯區漢口路一段,✓可營登報稅✓三角店面✓門口可停車✓辦公室藥局,25坪,-,,,店面/透天厝,1樓/1樓,"39,999元"
504,台中市西屯區杏林路,2＋1房適合合租 大陽台 環境單純 近新光三越遠百,25坪,3,1,1,整層住家/透天厝,1樓~頂樓加蓋/2樓,"18,000元"
505,台中市西屯區漢口路一段,全新✅2+1房✅傢俱齊✅工作良民證✅子母車✅爬三樓,55坪,3,2,2,整層住家/別墅,3樓/6樓,"24,499元"
506,台中市西屯區何厝街,近逢甲大學⭐獨洗窗曬⭐流理臺⭐採光超好⭐全新裝潢,12坪,1,1,1,獨立套房/電梯大廈,4樓/8樓,"7,799元"
507,台中市西屯區太原路一段,稀有釋出⭐陽台獨洗⭐子母車⭐飲水機⭐科博館,15.2坪,-,,,獨立套房/電梯大廈,6樓/8樓,"10,500元"
508,台中市西屯區文華路,⭐可寵超便宜❤️陽台獨曬❤️可短租,6坪,1,1,,獨立套房/透天厝,4樓/6樓,"3,799元"
509,台中市西屯區精明一街,精明商圈全新大套房1房1廳獨洗曬,12坪,1,1,1,獨立套房/透天厝,3樓/5樓,"12,000元"
510,台中市西屯區福上巷龍欣二弄,陽台獨洗●近逢甲大學●類一房一廳●流理臺●機車位,12坪,1,1,1,獨立套房/電梯大廈,2樓/4樓,"10,500元"
511,台中市西屯區順和三街,樓中樓全新完工✨尚蓋讚的裝潢✨室內機車✨東海大學,20坪,1,1,1,整層住家/電梯大廈,3樓/6樓,"12,999元"
512,台中市西屯區順和九街,"東海,工業區⭐全新未住⭐衛浴開窗⭐陽台獨洗⭐等你來",12.26坪,-,,,整層住家/電梯大廈,5樓/8樓,"8,999元"
513,台中市西屯區龍門一街,近老虎城⭐幸福小窩⭐乾溼分離⭐流理臺⭐陽台獨洗,18坪,1,1,1,獨立套房/電梯大廈,2樓/6樓,"12,999元"
514,台中市西屯區順和七街,近東海榮總⛅全新未住⛅衛浴開窗⛅大露臺,15坪,-,,,獨立套房/透天厝,3樓/6樓,"11,500元"
515,台中市西屯區逢甲路,全新大金變頻冷暖套房出租免仲介費（仲免）,5坪,-,,,獨立套房/透天厝,2樓~5樓/5樓,"9,500元"
516,台中市西屯區順和七街,東海榮總⭐搶先預定⭐全新未住⭐陽台獨洗⭐採光超好,15坪,1,1,1,獨立套房/電梯大廈,3樓/8樓,"9,499元"
517,台中市西屯區天水東街,❤小資創業首選❤店面加地下室收納❤可餐飲✅,23坪,-,,,店面/透天厝,B1~1樓/5樓,"18,000元"
518,台中市西屯區福上巷,三房樓中樓◕流理台◕凸窗獨曬◕逢甲僑光水湳中國醫,25坪,3,1,1,整層住家/透天厝,3樓/3樓,"16,999元"
519,台中市西屯區中工三路,⭐世貿澄清⭐電梯⭐陽台獨洗曬⭐大空間好採光⭐子母車,14坪,1,1,,獨立套房/透天厝,7樓/7樓,"11,999元"
520,台中市西屯區天水中街,店面+地下室出租工作室飲料店,23坪,-,,,店面/透天厝,1樓/6樓,"18,000元"
521,台中市西屯區逢明街,超大間可寵台水電乾溼衛浴浴缸廚房24管理員,15坪,-,,,整層住家/電梯大廈,4樓/15樓,"21,000元"
522,台中市西屯區中工三路,✨秒殺✨中科世貿✅美採光✅獨洗曬衛浴窗✅流理臺,14坪,-,,,獨立套房/透天厝,3樓/6樓,"12,000元"
523,台中市西屯區順和三街,全新完工樓中樓✨尚蓋讚的裝潢✨室內機車✨東海大學,20坪,1,1,1,整層住家/電梯大廈,3樓/6樓,"12,999元"
524,台中市西屯區長安路二段,✨全新可寵✨正一房一廳✨整面採光✨陽台獨洗✨流理臺,13坪,1,1,1,獨立套房/公寓,4樓/6樓,"11,499元"
525,台中市西屯區西屯路二段, 逢甲熱鬧結市西屯路整棟透店,111.6坪,-,,,店面/透天厝,整棟/4樓,"85,000元"
526,台中市西屯區文華路,逢甲商圈★有凸窗曬衣★電梯★小資首選室內大空間,11坪,1,,,獨立套房/電梯大廈,4樓/8樓,"8,000元"
527,台中市西屯區福科一街,近西大墩公園漂亮四房出租,84.11坪,4,2,2,整層住家/電梯大廈,14樓/19樓,"58,000元"
528,台中市西屯區臺灣大道三段,租賃)皇居視野新裝潢 三房,101.29坪,-,,,住宅/電梯大廈,10樓~27樓/28樓,15萬
529,台中市西屯區西屯路二段,小資首選西屯逢甲僑光免爬高,6坪,-,,,獨立套房/透天厝,3樓/5樓,"5,500元"
530,台中市西屯區青海路二段,近家樂福大四房平車,50.9坪,4,2,2,整層住家/電梯大廈,3樓/13樓,"30,000元"
531,台中市西屯區逢甲路,黃金三角窗店面,42坪,-,,,住辦/辦公,2樓/2樓,"26,000元"
532,台中市西屯區中工三路,世貿商圈透天店面,85.92坪,-,,,店面/店面,1樓/3樓,"50,000元"
533,台中市西屯區合江街,西屯逢甲 全新未住大套房 多間可選,21坪,1,1,1,獨立套房/電梯大廈,9樓/12樓,"25,000元"
534,台中市西屯區福中六街,中科華廈三房,29.02坪,3,2,2,住宅/華廈,7樓~7樓/7樓,"20,000元"
535,台中市西屯區福中六街,中科世貿三房 華廈,29.02坪,3,2,2,其他/電梯大廈,7樓~7樓/7樓,"20,000元"
536,台中市西屯區朝馬七街,來住七期!大套房開窗~秒租,65.03坪,6,6,,分租套房/透天厝,頂樓加蓋~頂樓加蓋/-,"10,000元"
537,台中市西屯區環中路二段,西屯視野兩房~氣派高質感~~附車位,36.41坪,2,2,1,整層住家/電梯大廈,9樓/29樓,"26,600元"
538,台中市西屯區文心路三段,正文心路近捷運全新店面,33.87坪,-,,,店面/店面,1樓/12樓,"50,000元"
539,台中市西屯區福中六街,綠世界高樓三房美屋,29.02坪,3,2,2,整層住家/華廈,7樓/7樓,"20,000元"
540,台中市西屯區市政北二路,七期BHW高樓層視野戶,140.34坪,-,,,商用/辦公,26樓~26樓/36樓,17萬
541,台中市西屯區寶慶街,精銳ＦＵＮ未來三房邊間,55.32坪,3,2,2,整層住家/電梯大廈,3樓/23樓,"50,000元"
542,台中市西屯區台灣大道三段,The One優質住家,35.5坪,2,2,2,整層住家/電梯大廈,11樓/24樓,"29,000元"
543,台中市西屯區福中六街,東海。台中工業區。寬敞大三房,30坪,3,2,2,整層住家/華廈,7樓/7樓,"20,000元"
544,台中市西屯區臺灣大道三段,七期黃金店面,202.83坪,-,,,店面/店面,1樓/28樓,48.5萬
545,台中市西屯區漢口路一段,西屯東興商圈、漢口商圈黃金地段三房美寓『車位可租』,30坪,3,2,2,整層住家/公寓,3樓/5樓,"23,000元"
546,台中市西屯區市政北七路,七期-聯聚中雍大廈-超高樓最頂級商辦-無敵景觀,253.06坪,-,,,商用/辦公,34樓/39樓,75萬
547,台中市西屯區朝富路,新市政中心CBD時代廣場,162.6坪,-,,,商用/辦公,3樓~3樓/34樓,15.3萬
548,台中市西屯區河南路三段,面老虎城七期精緻小豪宅,31.98坪,1,1,1,獨立套房/其他,7樓/15樓,"30,000元"
549,台中市西屯區青海南街,新落成高樓兩房好漂亮,19.38坪,2,1,1,整層住家/電梯大廈,14樓/14樓,"22,000元"
550,台中市西屯區文華路,逢甲商圈正文華路金店面整棟出租,42.23坪,-,,,店面/透天厝,1樓~3樓/3樓,25萬
551,台中市西屯區臺灣大道四段,太子四季視野美屋,41.32坪,2,1,1,整層住家/電梯大廈,6樓/15樓,"25,000元"
552,台中市西屯區至善路,珍愛逢甲採光美套房(租),9.09坪,1,1,,獨立套房/套房,3樓~3樓/7樓,"7,500元"
553,台中市西屯區逢甲路,逢甲碧根廣場優質店面,42.89坪,-,,,店面/店面,2樓/4樓,"70,000元"
554,台中市西屯區臺灣大道二段,近市政府捷運站溫馨美屋,16.4坪,1,1,1,整層住家/電梯大廈,2樓/14樓,"18,000元"
555,台中市西屯區逢甲路,逢甲大學綠園道美兩房釋出,20.83坪,2,1,1,整層住家/公寓,3樓/5樓,"18,000元"
556,台中市西屯區西屯路三段,正西屯路黃金店面稀有釋出,46.61坪,-,,,店面/店面,1樓/16樓,"60,000元"
557,台中市西屯區中清路三段,獨立森林全新3車電墅(專租),111.69坪,5,5,2,整層住家/別墅,1樓~頂樓加蓋/4樓,"75,000元"
558,台中市西屯區逢明街,逢甲元城三穗大三房雙車位附傢電,58.54坪,3,2,2,整層住家/電梯大廈,6樓/9樓,"40,000元"
559,台中市西屯區福上巷,全新整理套房【獨洗獨曬】附傢電+機車位【多間可選】,12坪,1,1,1,整層住家/透天厝,整棟/3樓,"12,000元"
560,台中市西屯區中清路,水湳經貿特區雙車庫電梯墅,104.77坪,4,5,3,住宅/別墅,B1~頂樓加蓋/3樓,"80,000元"
561,台中市西屯區工業區一路,中港易居三房車位,34.75坪,3,2,2,整層住家/華廈,4樓/6樓,"22,000元"
562,台中市西屯區西屯路二段,正西屯路吃市樓店,35.47坪,-,,,店面/電梯大廈,整棟/-,"42,000元"
563,台中市西屯區臺灣大道二段,正臺灣大道商辦,53坪,-,,,住辦/辦公,11樓/12樓,"48,000元"
564,台中市西屯區洛陽南街,近青海路！邊間美別墅,43.55坪,4,2,2,整層住家/透天厝,1樓/2樓,"48,000元"
565,台中市西屯區市政北二路,七期頂級商辦/BHW/高樓層視野佳/三平面車位,140坪,6,,,商用/電梯大廈,25樓/36樓,17萬
566,台中市西屯區市政路,市政都心採光優質商辦,109.4坪,-,,,住辦/辦公,6樓/38樓,10.7萬
567,台中市西屯區市政北一路,總太觀心歌劇院視野,72.71坪,4,2,2,整層住家/電梯大廈,4樓/13樓,"46,000元"
568,台中市西屯區大墩二十街,近市政府捷運站大店面,84.22坪,-,,,店面/店面,1樓/6樓,"63,000元"
569,台中市西屯區臺灣大道四段,中港首璽一房一廳,23.66坪,1,1,1,整層住家/電梯大廈,3樓/26樓,"17,800元"
570,台中市西屯區西屯路二段,逢甲商圈漂亮套房,7坪,1,1,,分租套房/其他,1樓/3樓,"6,500元"
571,台中市西屯區市政路,(租)豐邑市政都心,109.39坪,-,,,住辦/電梯大廈,8樓~8樓/38樓,11萬
572,台中市西屯區河南路四段,文華匯黃金邊間店面,45.17坪,-,,,店面/店面,1樓/12樓,"90,000元"
573,台中市西屯區西屯路二段,西屯路樓店！競選總部退租,41.85坪,-,,,店面/店面,1樓/16樓,"33,000元"
574,台中市西屯區何厝街,可寵❤️流理台❤️新光❤️大遠百❤️稀有釋出,10坪,-,,,獨立套房/透天厝,3樓/4樓,"11,500元"
575,台中市西屯區長安路二段,全新可寵正一房一廳陽台獨洗曬,13坪,1,1,1,獨立套房/公寓,4樓/5樓,"13,000元"
576,台中市西屯區崇義街,近河南路逢甲商圈套房,6坪,1,,,住宅/透天厝,頂樓加蓋~頂樓加蓋/-,"5,800元"
577,台中市西屯區市政南一路,問鼎市政★裝潢新市政美景,91.58坪,3,2,2,整層住家/電梯大廈,12樓/19樓,"79,800元"
578,台中市西屯區大容東街,劍橋商業景觀高樓商辦,112.28坪,-,,,住辦/辦公,10樓/12樓,"88,500元"
579,台中市西屯區福和段,單元商五角地,363.15坪,-,,,其他/其他,整棟/-,32.68萬
580,台中市西屯區福吉街,親家福星道14D全新未住1房1廳附車位,11.9坪,1,1,1,整層住家/電梯大廈,14樓/15樓,"25,600元"
581,台中市西屯區大容西街,市府站面寬約８米整層店面,72.49坪,-,,,店面/店面,1樓/21樓,"61,000元"
582,台中市西屯區臺灣大道四段,中科僑福優質四房,60.82坪,4,2,1,整層住家/電梯大廈,6樓/20樓,"23,000元"
583,台中市西屯區福安十街,中科世貿美兩房,23.67坪,2,1,1,整層住家/華廈,4樓/8樓,"19,600元"
584,台中市西屯區環中路三段,傳奇高樓視野裝潢戶,48.11坪,2,2,2,整層住家/電梯大廈,11樓/27樓,"35,000元"
585,台中市西屯區玉門路,稀有出租有裝潢雲特Ａ,116.42坪,3,3,2,整層住家/電梯大廈,23樓/25樓,10萬
586,台中市西屯區安和路,可貓電梯樓中樓陽台可報稅平車,10坪,-,,,獨立套房/樓中樓,2樓/4樓,"13,000元"
587,台中市西屯區中清路二段,"全新套房,獨洗獨曬!最後2間",5坪,1,1,,分租套房/華廈,5樓/5樓,"8,800元"
588,台中市西屯區上安路,國家歌劇院喬立生活觀電梯獨套兩戶可選,10坪,1,1,1,整層住家/電梯大廈,2樓/6樓,"12,000元"
589,台中市西屯區青海路二段,逢甲家樂福旁套房,7.57坪,1,1,,獨立套房/華廈,5樓/14樓,"5,100元"
590,台中市西屯區順和八街,工業區美套房,22.67坪,3,3,,整層住家/公寓,-/5樓,"16,500元"
591,台中市西屯區西安街,✿愛家雙寶爸✿逢甲大學旁自助收租小資兩房,9坪,2,1,2,整層住家/公寓,3樓/5樓,"20,000元"
592,台中市西屯區市政南一路,文華匯兩房平車採光佳,32.68坪,2,1,2,整層住家/電梯大廈,5樓/12樓,"30,000元"
593,台中市西屯區至善路,逢甲樓店1+2樓「租金降價」住辦合一,63.23坪,-,,,店面/電梯大廈,1樓~2樓/12樓,"40,000元"
594,台中市西屯區臺灣大道二段,市政香榭－附家電含管理費,13.94坪,1,1,1,獨立套房/其他,3樓/14樓,"16,000元"
595,台中市西屯區至善路,小翁嚴選★逢甲樂活城市邊間一房大休旅車,16.79坪,1,1,2,整層住家/電梯大廈,3樓/10樓,"29,800元"
596,台中市西屯區天保街,世貿美美三房附機械車位,39.86坪,3,2,2,整層住家/華廈,3樓/5樓,"20,000元"
597,台中市西屯區青海路二段,青海家樂福逢甲獨洗曬美套房,8.4坪,1,1,1,獨立套房/電梯大廈,5樓/14樓,"11,000元"
598,台中市西屯區至善路,近水樓台一期耶魯棟次頂樓電梯套房含管,12坪,1,1,1,獨立套房/電梯大廈,11樓/12樓,"16,000元"
599,台中市西屯區弘孝路,新光三越|櫻花捷運|逢甲商圈|美2房車位,25坪,2,1,1,整層住家/電梯大廈,8樓/14樓,"20,000元"
600,台中市西屯區福上巷,【西屯區】A件•逢甲商圈•獨立套房(限男生),5坪,1,1,1,獨立套房/電梯大廈,B1/6樓,"4,500元"
601,台中市西屯區漢翔北街,(丹尼斯嚴選)文修公園旁電梯大套L室,5坪,1,1,,獨立套房/透天厝,2樓/5樓,"11,000元"
602,台中市西屯區臺灣大道四段,首璽朝南大空間兩房,31.93坪,2,1,2,住宅/電梯大廈,2樓~2樓/26樓,"20,000元"
603,台中市西屯區西屯路二段,名流廣場四房附車位,46.37坪,4,2,2,其他/電梯大廈,12樓~12樓/16樓,"25,000元"
604,台中市西屯區逢明街,西屯高樓三房附車位,29.85坪,3,2,2,整層住家/電梯大廈,12樓/13樓,"25,000元"
605,台中市西屯區環中路二段,屋主想租!全新位住兩房裝潢!西屯最優豪宅!,17.8坪,2,1,2,整層住家/電梯大廈,19樓/26樓,"25,000元"
606,台中市西屯區華美西街二段,近水湳一＆二樓店面,39.16坪,-,,,店面/店面,1樓/14樓,"26,000元"
607,台中市西屯區環中路三段,帝王傳奇二房車位,48.03坪,2,2,2,整層住家/電梯大廈,27樓/27樓,"28,000元"
608,台中市西屯區天水西三街,走路到櫻花捷運★獨洗★分租2房,13坪,2,1,,整層住家/透天厝,4樓/4樓,"11,000元"
609,台中市西屯區河南路二段,出租捷運文華高中子母車飲水機一卡皮箱四樓公寓美套房,7坪,1,1,1,分租套房/公寓,4樓/4樓,"6,500元"
610,台中市西屯區西屯路二段,不收服務費★含網路+第四台逢甲僑光大學,5坪,1,1,,獨立套房/透天厝,2樓~4樓/4樓,"5,999元"
611,台中市西屯區文華路永新巷,逢甲商圈~溫馨双人套房  (免仲介服務費!),6坪,1,1,,獨立套房/公寓,5樓~6樓/6樓,"4,500元"
612,台中市西屯區臺灣大道三段,上城高樓三房車位美屋,50.09坪,3,2,2,整層住家/電梯大廈,20樓/22樓,"32,000元"
613,台中市西屯區逢明街,逢甲高樓三房車位,33.42坪,3,2,2,整層住家/電梯大廈,12樓/13樓,"28,000元"
614,台中市西屯區寶慶街,西屯飯店式管理套房,12.59坪,1,1,1,獨立套房/其他,3樓/9樓,"12,000元"
615,台中市西屯區市政北二路,七期銳豐悅觀高層戶出租,147.19坪,4,4,2,住宅/電梯大廈,11樓~11樓/28樓,13.7萬
616,台中市西屯區逢甲路,逢甲正大門口優質套房,6坪,1,1,,獨立套房/公寓,4樓~5樓/5樓,"5,000元"
617,台中市西屯區精明二街,精誠商圈一樓店面,10坪,-,,,店面/店面,1樓/4樓,"15,000元"
618,台中市西屯區國安一路,新杜拜小兩房全配房間皆開窗採光好,13.51坪,2,1,2,整層住家/電梯大廈,12樓/24樓,"20,000元"
619,台中市西屯區至善路,復新經典美裝潢大三房,59.07坪,3,2,2,整層住家/電梯大廈,9樓/14樓,"28,000元"
620,台中市西屯區福聯街,瑞聯金店面出租,33.86坪,-,,,店面/店面,1樓/13樓,"17,000元"
621,台中市西屯區工業區一路,西屯(中港福家)1樓店面+2樓住家含平車,33.49坪,2,2,,住辦/電梯大廈,1樓~2樓/13樓,"23,000元"
622,台中市西屯區寧夏路,近百坪商辦娛樂大樓文華捷運站~專租店面張景勝最謹慎,95.68坪,-,,,住辦/電梯大廈,11樓/12樓,"80,000元"
623,台中市西屯區河南路三段,七期市政101面歌劇院視野戶1+1房小豪宅機上車位,17.42坪,1,1,1,整層住家/電梯大廈,13樓/15樓,"30,000元"
624,台中市西屯區西屯路二段,惠宇觀市政美３房平車位,50.47坪,3,2,2,整層住家/電梯大廈,12樓/22樓,"60,000元"
625,台中市西屯區文華路永新巷,逢甲地球村 溫馨運動套房~(免仲介服務費!),6坪,1,1,,獨立套房/公寓,頂樓加蓋/-,"5,000元"
626,台中市西屯區西屯路二段,西屯路黃金大空間透店,36.16坪,-,,,店面/店面,頂樓加蓋/-,"32,000元"
627,台中市西屯區環中路二段,臻愛高樓兩房附車位,25.17坪,2,1,2,整層住家/電梯大廈,22樓/29樓,"25,000元"
628,台中市西屯區國安一路,世紀凱悅溫馨一房一廳+休旅大車位,13坪,1,1,1,整層住家/電梯大廈,11樓/22樓,"19,000元"
629,台中市西屯區西安街,西安街小資兩房(可申請租屋補助),9.85坪,2,1,2,整層住家/公寓,3樓/5樓,"20,000元"
630,台中市西屯區市政北五路,七期理性與感性裝潢2房,47.83坪,3,2,2,住宅/電梯大廈,5樓~5樓/25樓,"50,000元"
631,台中市西屯區大墩十七街,正五期三房車位,53.05坪,3,2,2,整層住家/華廈,3樓/7樓,"22,000元"
632,台中市西屯區工業區一路,愛瑪市朝東美屋出租２＋１,40.64坪,2,2,2,整層住家/電梯大廈,6樓/12樓,"25,000元"
633,台中市西屯區天水西三街,櫻花捷運★獨洗★分租套房★超省房租,5.5坪,1,1,,分租套房/透天厝,3樓/4樓,"6,000元"
634,台中市西屯區福吉街,️A文修公園 全新未住精美2房 附家俱 可另租車位,17坪,2,1,2,整層住家/電梯大廈,5樓/15樓,"25,000元"
635,台中市西屯區中工二路,西屯世貿面寬樓店,44.16坪,-,,,店面/店面,1樓/13樓,"22,000元"
636,台中市西屯區文華路,文華路電梯獨立套房,10坪,1,1,1,整層住家/電梯大廈,2樓/7樓,"18,000元"
637,台中市西屯區西屯路三段,凡比大空間三房,37.21坪,3,2,2,住宅/電梯大廈,10樓~10樓/12樓,"24,000元"
638,台中市西屯區青海路二段,My勝美百萬裝潢高樓層二房平車視野戶~張景勝最謹慎,38.3坪,2,1,2,整層住家/電梯大廈,15樓/15樓,"36,000元"
639,台中市西屯區臺灣大道二段,市政香榭套房附家具,13.54坪,1,1,1,整層住家/電梯大廈,6樓/14樓,"15,000元"
640,台中市西屯區惠中一街,七期雙百貨~大四房雙車位,68.49坪,4,3,2,住宅/電梯大廈,9樓~9樓/14樓,"33,000元"
641,台中市西屯區寧夏東二街,近文華高中捷運美店面,25.25坪,-,,,店面/店面,1樓/5樓,"21,000元"
642,台中市西屯區甘州街,甘州街美雅房,7坪,1,,,雅房/透天厝,頂樓加蓋~頂樓加蓋/-,"8,000元"
643,台中市西屯區甘肅路一段,西屯流理檯獨洗曬，近逢甲社區管理好雙窗採光通風好,11.86坪,1,1,,獨立套房/電梯大廈,4樓/15樓,"10,000元"
644,台中市西屯區青海路二段,✨逢甲商圈｜佳茂地中海｜兩房平車＋平車✨,15.9坪,2,1,1,整層住家/電梯大廈,9樓/14樓,"23,800元"
645,台中市西屯區市政南一路,七期兩房平車傢俱全含,30.63坪,2,1,2,住宅/電梯大廈,4樓~4樓/12樓,"28,000元"
646,台中市西屯區逢甲路,逢甲金鑽套房3,4坪,1,1,,分租套房/華廈,5樓/6樓,"6,000元"
647,台中市西屯區西屯路二段,華美漢口西屯4米金店面,16.78坪,-,,,店面/店面,1樓~1樓/4樓,"35,000元"
648,台中市西屯區華夏巷西一弄,逢甲全新整理貓奴的家大套房+貓跳台+陽台獨洗曬全配,7坪,1,1,1,獨立套房/公寓,4樓/6樓,"7,999元"
649,台中市西屯區國祥街,中科國安國宅三房高樓層視野戶,41.8坪,3,2,2,整層住家/電梯大廈,11樓/12樓,"20,000元"
650,台中市西屯區西屯路三段,太子雲世紀三房平面車位,59.1坪,3,2,2,整層住家/電梯大廈,13樓/21樓,"30,000元"
651,台中市西屯區黎明路三段,(丹尼斯嚴選)青海路電梯套房,6坪,1,1,,獨立套房/電梯大廈,4樓/14樓,"7,900元"
652,台中市西屯區福科路,俊國星座優質三房,33.84坪,3,2,2,整層住家/電梯大廈,13樓/14樓,"21,000元"
653,台中市西屯區西屯路二段,上石國小陽台大套房,10.68坪,1,1,,獨立套房/其他,3樓/5樓,"12,000元"
654,台中市西屯區市政北二路,七期名人巷音悅廳前棟,124.48坪,4,3,2,住宅/電梯大廈,11樓~11樓/23樓,"85,000元"
655,台中市西屯區青海路二段,西屯逢甲商圈 高樓大兩房附平車 ,17.78坪,2,1,2,整層住家/電梯大廈,12樓/14樓,"26,000元"
656,台中市西屯區弘孝路,風格裝潢三房採光戶,32.49坪,3,2,2,整層住家/電梯大廈,4樓/13樓,"38,000元"
657,台中市西屯區福瑞街,中科店面大坪數低租金,85坪,-,,,店面/店面,1樓/15樓,"30,000元"
658,台中市西屯區文華路,逢甲二樓公寓 超美獨洗曬全新整理大套房,5.5坪,1,1,,分租套房/公寓,2樓/5樓,"11,000元"
659,台中市西屯區文心路三段,世界之心一房,24.42坪,1,1,1,整層住家/電梯大廈,9樓/26樓,"22,000元"
660,台中市西屯區逢明街,逢甲元城三穗大三房雙車位附傢電,58.5坪,3,2,2,整層住家/電梯大廈,6樓/9樓,"42,000元"
661,台中市西屯區順和一街,(丹尼斯嚴選)全新整理！東海商圈美三房,29.51坪,3,2,2,整層住家/電梯大廈,6樓/7樓,"26,000元"
662,台中市西屯區市政北六路,千萬裝潢歌劇院第一排寶輝一品花園~張景勝租屋最謹慎,118.24坪,6,6,2,整層住家/電梯大廈,6樓/32樓,21萬
663,台中市西屯區櫻城三街,櫻花香陽台獨洗獨曬美套房,6.2坪,1,1,,獨立套房/其他,7樓/8樓,"8,800元"
664,台中市西屯區市政北一路,租‧七期歌劇院豪宅【親家雲硯】高質感裝潢三房雙車,49.15坪,3,2,2,整層住家/電梯大廈,9樓/39樓,"88,000元"
665,台中市西屯區惠文路,寶璽睿觀面園道．即刻入主,148.94坪,3,3,2,整層住家/電梯大廈,6樓/20樓,15萬
666,台中市西屯區福強街,讚的瑞Ａ套房高樓,9.84坪,1,1,1,獨立套房/其他,17樓/19樓,"8,000元"
667,台中市西屯區黎明路三段,黎明路三房附車位,40.53坪,3,2,2,整層住家/電梯大廈,7樓/13樓,"23,000元"
668,台中市西屯區逢甲路,碧根陽光廣場２＋３Ｆ,12.7坪,-,,,店面/店面,2樓/4樓,"9,000元"
669,台中市西屯區安和路,西屯｜全新完工未住｜多間可選｜先搶先贏,7坪,1,1,,獨立套房/電梯大廈,2樓/3樓,"10,000元"
670,台中市西屯區福瑞街,瑞Ｂ店面,36.9坪,-,,,店面/店面,1樓/24樓,"22,000元"
671,台中市西屯區西屯踏路二段77號旁,正西屯路-倉庫-停車場或小吃攤位,29坪,-,,,土地/建地,-/-,"10,000元"
672,台中市西屯區大墩二十街,五期賺錢金店面,30.67坪,-,,,店面/華廈,1樓~1樓/6樓,"45,000元"
673,台中市西屯區環中路二段,赫里翁臻愛【兩房B5】朝七期美視野花 台中買屋賣房,24坪,2,1,1,整層住家/電梯大廈,7樓/29樓,"24,000元"
674,台中市西屯區福瑞街,中科招財樓店,34.73坪,-,,,店面/店面,1樓/15樓,"32,000元"
675,台中市西屯區臺灣大道三段,近上安學區透店,82.99坪,-,,,店面/店面,1樓/4樓,"45,000元"
676,台中市西屯區西屯路二段,唯美君悅二樓美店工作坊,37.94坪,-,,,店面/店面,2樓/4樓,"38,600元"
677,台中市西屯區逢甲路,正逢甲路上大面寬可營豋,33.87坪,-,,,店面/店面,2樓/5樓,"35,000元"
678,台中市西屯區台灣大道二段,順天上環匯酒店回家就像在渡假,59.86坪,2,2,2,整層住家/電梯大廈,13樓/21樓,"70,000元"
679,台中市西屯區台灣大道三段,台灣大道七期精品小豪宅,44.45坪,2,1,2,整層住家/電梯大廈,14樓/24樓,"35,000元"
680,台中市西屯區永福路,新晴兩房車位附車位全配好漂亮,19坪,2,1,2,整層住家/電梯大廈,3樓/7樓,"26,000元"
681,台中市西屯區朝貴路,租★七期朝貴路整棟透店,72.06坪,-,,,店面/店面,1樓/5樓,"40,000元"
682,台中市西屯區國安一路,新杜拜小兩房,21.41坪,2,1,1,整層住家/電梯大廈,4樓/24樓,"18,500元"
683,台中市西屯區福星路,逢甲正福星路金店面,53.44坪,-,,,店面/店面,1樓/14樓,"40,000元"
684,台中市西屯區政和路,惠來公園透店,80.9坪,-,,,店面/店面,頂樓加蓋~頂樓加蓋/-,"45,000元"
685,台中市西屯區華美西街二段,羅浮名宮公寓,26坪,3,1,2,整層住家/公寓,4樓/5樓,"20,000元"
686,台中市西屯區長安路二段,大福新城三房平車,55.48坪,3,2,2,整層住家/樓中樓,9樓/14樓,"22,000元"
687,台中市西屯區西屯路二段上石北二巷,*珍珠*逢甲商圈台水台電電梯精美套房限女生免仲金 ,6坪,1,1,,獨立套房/電梯大廈,5樓/8樓,"5,800元"
688,台中市西屯區文心路三段,可寵♥電梯♥獨洗♥流理臺♥無敵採光,8.5坪,1,1,,獨立套房/電梯大廈,6樓/8樓,"9,500元"
689,台中市西屯區河南路三段,七期正面秋紅谷美景/精美裝潢/立即可住,84坪,3,3,2,整層住家/電梯大廈,4樓/29樓,14.8萬
690,台中市西屯區青海南街,近逢甲商圈小豪宅附傢俱電,29.11坪,2,1,2,整層住家/電梯大廈,23樓/23樓,"35,000元"
691,台中市西屯區市政北一路,惠宇天青美三房三平車,112.95坪,3,2,2,住宅/電梯大廈,10樓~15樓/26樓,"85,000元"
692,台中市西屯區福誠路,拎包入住！獨洗獨曬！可開伙！仰雲方正一房！,12.47坪,1,1,1,獨立套房/電梯大廈,7樓/12樓,"23,000元"
693,台中市西屯區大安西街,五期近捷運近台灣大道3房+車位,22坪,3,2,2,整層住家/電梯大廈,6樓/8樓,"23,000元"
694,台中市西屯區國安一路,西屯 領袖特區 三房平車 屋況好 快來約看,25坪,3,2,2,獨立套房/電梯大廈,1樓~15樓/15樓,"33,000元"
695,台中市西屯區寶慶街,精銳FUN未來全新精品兩房平面車位,21.55坪,2,1,2,整層住家/電梯大廈,5樓/23樓,"45,000元"
696,台中市西屯區長安路二段,水湳經貿/文心中清捷運/社區型三房~3樓公寓,24坪,3,2,2,整層住家/公寓,3樓/5樓,"16,000元"
697,台中市西屯區青海路二段,近家樂福電梯美套房,8.43坪,1,1,,獨立套房/其他,8樓/14樓,"8,000元"
698,台中市西屯區市政北一路,交響曲三房附車位,42.96坪,3,2,2,整層住家/電梯大廈,13樓/28樓,"24,000元"
699,台中市西屯區臺灣大道四段,僑福大空間四房,60.84坪,4,2,2,住宅/電梯大廈,6樓~6樓/20樓,"24,000元"
700,台中市西屯區何厝街,何厝街角間黃金店面,43.72坪,-,,,店面/店面,1樓/5樓,"45,000元"
701,台中市西屯區華美西街二段,水湳全新裝潢三房公寓可寵,26.4坪,3,1,2,整層住家/公寓,4樓/5樓,"20,000元"
702,台中市西屯區四川路,桂冠歐洲優美寬敞店面,27.87坪,-,,,店面/店面,1樓/12樓,"17,000元"
703,台中市西屯區寧夏路,寧夏漢口商圈美3房,26.63坪,3,2,2,整層住家/公寓,3樓/5樓,"18,000元"
704,台中市西屯區臺灣大道三段,近市政府捷運上城兩房出租,31.21坪,2,1,2,整層住家/電梯大廈,6樓/22樓,"23,000元"
705,台中市西屯區朝富路,朝富路黃金店面,14坪,-,,,店面/店面,1樓/4樓,"30,000元"
706,台中市西屯區至善路,復新經典溫馨家庭大三房,35.57坪,3,2,2,整層住家/電梯大廈,9樓/14樓,"25,000元"
707,台中市西屯區河南路三段,市政１０１精緻裝潢雙車位,35.59坪,1,1,1,整層住家/電梯大廈,3樓/15樓,"32,000元"
708,台中市西屯區寧夏路,出租西屯寧夏路公寓,30坪,3,2,2,整層住家/公寓,3樓/5樓,"18,000元"
709,台中市西屯區福上巷,租逢甲河南路旁大套房附家具家電,7坪,1,1,,獨立套房/套房,2樓~2樓/5樓,"5,800元"
710,台中市西屯區永福路,中科和立堡新晴2房休旅車位全配馬上入住,28坪,2,1,2,整層住家/電梯大廈,3樓/7樓,"30,000元"
711,台中市西屯區市政北一路,七期總太觀心前棟美四房,91.7坪,4,2,2,住宅/電梯大廈,3樓~3樓/14樓,"45,000元"
712,台中市西屯區臺灣大道三段,秋紅谷中港一方高樓視野,117.81坪,3,3,2,住宅/電梯大廈,25樓~25樓/27樓,"70,000元"
713,台中市西屯區市政北五路,七期夏綠地*歌劇院*高樓層*3+1房*平面車位,40坪,3,2,2,整層住家/電梯大廈,17樓/25樓,"50,000元"
714,台中市西屯區西安街,დ珊珊დ逢甲大學西安街24小時管理獨立套房超大陽台,4.55坪,1,1,,獨立套房/華廈,2樓/8樓,"9,500元"
715,台中市西屯區市政北一路,七期天韻稀有前棟精裝戶,76.36坪,3,3,2,整層住家/電梯大廈,12樓/35樓,10萬
716,台中市西屯區福聯街,瑞聯套房,6.46坪,1,1,,其他/套房,頂樓加蓋~頂樓加蓋/-,"4,300元"
717,台中市西屯區逢甲路,逢甲便當套房,6坪,1,1,,獨立套房/公寓,4樓/5樓,"5,500元"
718,台中市西屯區經貿九路,出租逢甲僑光透天2樓,27.44坪,-,,,整層住家/透天厝,2樓/2樓,"13,000元"
719,台中市西屯區青海路二段,青海路惠來路華廈大空間,54.43坪,4,3,2,整層住家/華廈,2樓/7樓,"40,000元"
720,台中市西屯區上安路,中港層峰三房平車,65.2坪,3,2,2,整層住家/電梯大廈,3樓/25樓,"68,000元"
721,台中市西屯區長安路,三房+車位美廈,34.36坪,3,2,2,整層住家/華廈,3樓~3樓/10樓,"23,000元"
722,台中市西屯區國安一路,精誠公益-中科新杜拜高樓朝南附傢俱、電,36.5坪,2,1,2,整層住家/電梯大廈,18樓/24樓,"30,000元"
723,台中市西屯區河南路三段,七期華太怡然居自家烤肉大露臺四房平車~張景勝最謹慎,58.5坪,4,2,2,整層住家/電梯大廈,2樓/15樓,"82,000元"
724,台中市西屯區市政南一路,七期裝潢小套房～一卡皮箱直接入住～,6坪,-,,,獨立套房/電梯大廈,2樓/4樓,"11,900元"
725,台中市西屯區長安路二段,西屯水湳家具全三房尬雙平車位,54坪,3,2,2,整層住家/電梯大廈,10樓/11樓,"35,000元"
726,台中市西屯區福科路,工作室首選這間很美,27.26坪,-,,,住辦/辦公,3樓/4樓,"20,000元"
727,台中市西屯區臺灣大道三段,正臺灣大道面新光金店面,21.18坪,-,,,店面/店面,1樓/2樓,"48,000元"
728,台中市西屯區國安一路,中科朝東明亮採光美三房,42.1坪,2,2,2,住宅/電梯大廈,11樓~11樓/12樓,"20,000元"
729,台中市西屯區市政北一路,七期高檔裝潢附家具歡迎來電預約~,62坪,3,3,2,整層住家/電梯大廈,9樓/39樓,10.5萬
730,台中市西屯區國祥街,⭐阿慶【國安國宅】中科大三房⭐視野戶⭐天然瓦斯,41.81坪,3,2,2,整層住家/電梯大廈,11樓/12樓,"20,000元"
731,台中市西屯區四川路,西屯歐洲新象黃金樓店,301.65坪,-,,,店面/店面,B1~2樓/12樓,"83,000元"
732,台中市西屯區福吉街,親家福星道10C全新未住1房1廳附車位,11.49坪,1,1,1,整層住家/電梯大廈,10樓/15樓,"25,600元"
733,台中市西屯區國安一路,中科新杜拜高樓層2房,19.69坪,2,1,2,住宅/電梯大廈,24樓~24樓/24樓,"24,000元"
734,台中市西屯區臺灣大道三段,中港一方高樓視野裝潢戶,88.39坪,3,3,2,整層住家/電梯大廈,17樓/27樓,"75,000元"
735,台中市西屯區逢甲路,碧根陽光廣場Ａ５１店面,24.48坪,-,,,店面/店面,1樓/3樓,"15,000元"
736,台中市西屯區河南路三段,七期市政浪漫滿屋,27.58坪,1,1,1,整層住家/電梯大廈,4樓/15樓,"26,000元"
737,台中市西屯區重慶路,重慶商圈吃市透天店面,78.97坪,-,,,店面/店面,1樓~4樓/4樓,"42,000元"
738,台中市西屯區臺灣大道三段,七期歌劇院三越四房雙平車,148.35坪,4,4,2,住宅/電梯大廈,8樓~8樓/35樓,"90,000元"
739,台中市西屯區國安一路,西屯 新杜拜  中科 大二房 朝南 含車位,33.39坪,2,1,2,獨立套房/電梯大廈,7樓~24樓/24樓,"25,000元"
740,台中市西屯區臺灣大道三段,七期國雄領域高樓一層一戶雙電梯雙車位8500家電全,95.38坪,3,3,2,整層住家/電梯大廈,23樓/24樓,"85,000元"
741,台中市西屯區福星路,逢甲福星路可餐飲角店,8坪,-,,,店面/店面,頂樓加蓋~頂樓加蓋/-,"50,000元"
742,台中市西屯區中清路,獨立森林電梯店面雙車位,113.62坪,-,,,店面/店面,B1~4樓/4樓,"60,000元"
743,台中市西屯區市政北二路,七期名人巷/精品裝潢/視野戶,134.7坪,3,4,2,整層住家/電梯大廈,18樓/28樓,13.7萬
744,台中市西屯區福星路,逢甲商圈氣派店面,186.94坪,-,,,店面/透天厝,1樓~3樓/3樓,72萬
745,台中市西屯區成都路,西屯住宅區超顯眼金店面,87坪,-,,,店面/電梯大廈,1樓/1樓,"59,000元"
746,台中市西屯區西屯路二段,正西屯路上臨路逢甲大空間,32.42坪,2,4,4,整層住家/透天厝,3樓~4樓/4樓,"23,000元"
747,台中市西屯區櫻城五街,水湳逢甲。高第大廈,22.67坪,1,1,2,整層住家/華廈,4樓/8樓,"18,000元"
748,台中市西屯區上墩路,遇上福星三房雙平車遇上您,60.25坪,3,2,2,整層住家/電梯大廈,18樓/19樓,"39,000元"
749,台中市西屯區台灣大道二段,sogo轉角店面近永豐棧 ,40坪,-,,,店面/透天厝,B1~2樓/5樓,"45,000元"
750,台中市西屯區寧夏路,文華捷運站近百坪娛樂商辦大樓~專租店面張景勝最謹慎,95.68坪,-,,,商用/電梯大廈,11樓/12樓,"80,000元"
751,台中市西屯區青海路二段,租青海商圈個人工作室,15.52坪,-,,,其他/電梯大廈,B1~B1/7樓,"15,000元"
752,台中市西屯區福科路,西屯福科路大店面,49.75坪,-,,,店面/電梯大廈,1樓~2樓/15樓,"48,000元"
753,台中市西屯區文心路三段,冠德文心綻高樓層2房車位,42.29坪,2,2,2,住宅/電梯大廈,22樓~22樓/28樓,"38,000元"
754,台中市西屯區漢口路二段,正漢口路百坪商辦採光佳空間大好停車＠商辦,98.32坪,-,,,商用/電梯大廈,11樓/12樓,"65,000元"
755,台中市西屯區大容西街,文新經典優質住家,45坪,3,2,2,整層住家/電梯大廈,21樓/22樓,"24,000元"
756,台中市西屯區安和路,西屯大套房,8坪,1,1,1,整層住家/透天厝,1樓/3樓,"12,000元"
757,台中市西屯區台灣大道二段,台灣大道角間店面B1+1+2樓,40坪,-,,,店面/透天厝,B1~2樓/5樓,"45,000元"
758,台中市西屯區台灣大道三段,★七期國雄領域★高樓層視野家★有家具電器★雙車位,56.81坪,3,3,2,整層住家/電梯大廈,23樓/24樓,"85,000元"
759,台中市西屯區寧夏路,近百坪娛樂商辦大樓文華捷運站~專租店面張景勝最謹慎,95.68坪,-,,,商用/電梯大廈,11樓/12樓,"80,000元"
760,台中市西屯區寧夏路,漢口寧夏商辦大樓 ,116坪,-,,,商用/電梯大廈,3樓~12樓/12樓,"75,000元"
761,台中市西屯區西屯路二段,青海西屯漢口黃金店面(不可餐飲),23坪,-,,,店面/透天厝,1樓/4樓,"27,000元"
762,台中市西屯區逢甲路,逢甲便當街,5坪,1,1,,分租套房/公寓,4樓/5樓,"4,500元"
763,台中市西屯區西屯路二段,逢甲明亮套房出租~設備可談(通),6坪,1,1,,獨立套房/透天厝,3樓/6樓,"6,500元"
764,台中市西屯區西屯路二段,優質秒殺套房 近逢甲 新光遠百,6坪,1,1,,分租套房/透天厝,3樓~4樓/4樓,"6,000元"
765,台中市西屯區臺灣大道三段,鄉林皇居優質住宅,94坪,3,3,2,整層住家/電梯大廈,16樓/24樓,"66,600元"
766,台中市西屯區市政北二路,七期商辦地標NTC朝南角間高樓三面採光,79.89坪,1,1,,商用/電梯大廈,19樓~19樓/35樓,"96,000元"
767,台中市西屯區國安一路,西屯中科國宅三房大空間,42.96坪,3,2,2,整層住家/電梯大廈,10樓/12樓,"21,000元"
768,台中市西屯區青海南街,【老郭精選】寵物友善│逢甲全新裝潢│兩房含車位✨,22.34坪,2,1,2,整層住家/電梯大廈,7樓/14樓,"28,000元"
769,台中市西屯區福祥街,國泰桂冠別墅四房,60坪,4,2,2,整層住家/別墅,整棟/5樓,"38,000元"
770,台中市西屯區甘州街,甘州街美套房,7坪,1,1,,分租套房/透天厝,頂樓加蓋~頂樓加蓋/-,"8,500元"
771,台中市西屯區惠中一街,七期富室多寶三樓辦公室出租,155.94坪,2,,,住宅/電梯大廈,頂樓加蓋/-,13.8萬
772,台中市西屯區工業區一路,中港白宮大面寬樓店,34.58坪,-,,,店面/店面,1樓/13樓,"36,000元"
773,台中市西屯區逢明街,親子風高檔裝潢別墅,80.07坪,4,4,2,整層住家/透天厝,4樓/4樓,"58,000元"
774,台中市西屯區市政路,七期親家Ｔ３商辦附雙車位,85.2坪,-,,,住辦/辦公,9樓/29樓,"76,680元"
775,台中市西屯區逢甲路,逢甲碧根廣場熱鬧商圈低租金可租餐飲業,6.3坪,-,,,店面/透天厝,1樓/3樓,"15,000元"
776,台中市西屯區市政北三路,七期夏綠地公園視野美屋,116.3坪,3,3,2,整層住家/電梯大廈,16樓/23樓,"96,000元"
777,台中市西屯區大容東街,正五期近市府稀有高樓角間商辦,112.28坪,2,,,商用/電梯大廈,10樓~10樓/12樓,"88,500元"
778,台中市西屯區台灣大道３段,皇居高樓3＋1房裝潢平車,96.25坪,4,3,2,住宅/電梯大廈,11樓~11樓/26樓,"85,000元"
779,台中市西屯區青海南街,出租/12米青海南街/住二/163坪,163坪,-,,,土地/建地,-/-,16.5萬
780,台中市西屯區台灣大道三段,七期-百達富裔-高樓最美屋(含管)最便宜,103.77坪,4,4,2,整層住家/電梯大廈,30樓/35樓,"68,000元"
781,台中市西屯區福科路,國璽微風平面車位,8.06坪,-,,,其他/車位,-/4樓,"2,000元"
782,台中市西屯區經貿路,水湳經貿園區搶進錢潮~快來租~桂麗斯,274.17坪,-,,,土地/建地,-/-,22萬
783,台中市西屯區都會園路,遊園農地出租～大路邊！便宜農地出租！,588坪,-,,,土地/農地,-/-,"25,000元"
784,台中市西屯區青海路二段,逢甲高樓兩房平車視野戶,34.34坪,2,1,2,整層住家/電梯大廈,19樓/22樓,"35,000元"
785,台中市西屯區青海路二段,赫里翁三房皆有獨立衛浴雙平面車位,102坪,2,4,2,整層住家/電梯大廈,2樓/25樓,"60,000元"
786,台中市西屯區長安路二段,水湳市場~逢甲~三房附車位含管(通),45坪,3,2,2,整層住家/電梯大廈,7樓/12樓,"31,000元"
787,台中市西屯區福上巷,逢甲採光套房附網路第四台＋機車位＋家具家電＋飲水機,5坪,1,1,,獨立套房/套房,頂樓加蓋~頂樓加蓋/-,"4,800元"
788,台中市西屯區市政北五路,七期歌劇院旁理性與感性,58坪,3,2,2,住宅/電梯大廈,5樓~5樓/25樓,"50,000元"
789,台中市西屯區漢翔東路,創研逸品｜全新未住 精裝三房平車(含車含管),24.4坪,3,2,2,整層住家/電梯大廈,8樓/9樓,"48,000元"
790,台中市西屯區青海路一段,青海路近漢口路口熱鬧店面,61.72坪,-,,,店面/店面,頂樓加蓋/-,"65,000元"
791,台中市西屯區西屯路二段,黃金店面正西屯路10米面寬,30坪,-,,,店面/透天厝,B1~1樓/12樓,"55,000元"
792,台中市西屯區中新巷,逢甲商圈套房-配備全,4坪,1,1,1,分租套房/透天厝,整棟/1樓,"5,000元"
793,台中市西屯區臺灣大道三段,上城四房霸氣七期視野戶,68.41坪,4,2,2,整層住家/電梯大廈,7樓/22樓,"45,000元"
794,台中市西屯區漢口路二段,西屯區漢口路質感商辦,85.37坪,-,,,住辦/辦公,4樓/12樓,"60,000元"
795,台中市西屯區國安一路,中科二房附平面車位精裝戶,36.44坪,2,1,2,整層住家/電梯大廈,14樓/24樓,"27,000元"
796,台中市西屯區慶和街,可貓管理員陽台獨曬小資首選,10坪,-,,,獨立套房/公寓,2樓/5樓,"9,000元"
797,台中市西屯區工業區六路,工業區辦公室兼倉庫大坪數好運用,300坪,-,,,整層住家/透天厝,1樓/3樓,16萬
798,台中市西屯區西屯路二段,逢甲熱鬧商圈全新1-3樓大店面附車位,61坪,-,,,店面/電梯大廈,1樓~3樓/23樓,13萬
799,台中市西屯區市政北二路,NTC高樓邊間商辦出租,79.89坪,-,,,商用/辦公,19樓~19樓/19樓,"96,000元"
800,台中市西屯區國安二路,中科w時代高樓兩房平車,41坪,2,2,2,整層住家/電梯大廈,18樓/22樓,"33,000元"
801,台中市西屯區台灣大道三段,七期-百達富裔-高樓美視野-屋況特優-配備齊全,103坪,4,3,2,整層住家/電梯大廈,30樓/35樓,"68,000元"
802,台中市西屯區何厝街,台灣大道青海商圈一樓金店面,18.96坪,-,,,店面/透天厝,1樓/4樓,"26,000元"
803,台中市西屯區臺灣大道三段,面市政府上城高樓裝潢視野,74.21坪,4,2,2,整層住家/電梯大廈,11樓/22樓,"45,000元"
804,台中市西屯區文華路,租逢甲大學旁全套家電套房,5.82坪,1,1,,住宅/電梯大廈,3樓~3樓/5樓,"6,500元"
805,台中市西屯區市政北二路,七期NTC商辦出租,79.89坪,-,,,商用/辦公,19樓~19樓/35樓,"96,500元"
806,台中市西屯區市政北五路,理性與感性裝潢4房,58坪,4,2,2,整層住家/電梯大廈,頂樓加蓋/-,"50,000元"
807,台中市西屯區福吉街,❤️親家福星道12C全新未住高樓視野戶❤️,21.32坪,1,1,1,整層住家/電梯大廈,12樓/15樓,"27,800元"
808,台中市西屯區市政北七路,新光三越高樓層3房附平車,57.22坪,3,2,2,住宅/電梯大廈,13樓~13樓/21樓,"45,000元"
809,台中市西屯區惠中三街,青雲道高樓雙平車美裝潢戶,104.23坪,5,4,2,住宅/電梯大廈,16樓~16樓/23樓,"65,000元"
810,台中市西屯區文心路三段,★★正文心路超大商場★★,281.5坪,-,,,商用/電梯大廈,B1/10樓,16.6萬
811,台中市西屯區福科路,國聚之悅⭐中科2房精品小豪宅(多間可選),36坪,2,1,1,整層住家/電梯大廈,9樓/14樓,"30,000元"
812,台中市西屯區櫻花路,可看立彩耀長安美裝視野戶,46.99坪,2,2,2,整層住家/電梯大廈,12樓/12樓,"38,000元"
813,台中市西屯區市政路,國家一號院Ｄ棟高樓美裝潢,95.6坪,4,3,2,整層住家/電梯大廈,27樓/29樓,12萬
814,台中市西屯區市政北二路,(租)七期興富發BHW商辦,94.49坪,-,,,商用/辦公,頂樓加蓋~頂樓加蓋/-,11.5萬
815,台中市西屯區市政北七路,七期親家市政廣場全新裝潢商辦,71.86坪,-,,,商用/電梯大廈,11樓/28樓,"95,000元"
816,台中市西屯區逢明街,逢甲商圈大三房雙車位附傢電 對面公園走路到逢甲黎明,31.5坪,3,2,2,整層住家/電梯大廈,6樓/9樓,"40,000元"
817,台中市西屯區國安一路,新杜拜兩房車位~找我租最便宜,20坪,2,1,2,整層住家/電梯大廈,7樓/24樓,"24,500元"
818,台中市西屯區台灣大道旁正台灣大道旁建地招租適賣場餐廳,正台灣大道旁建地招租適賣場餐廳,515坪,-,,,土地/建地,-/-,59.2萬
819,台中市西屯區市政北一路,正七期特區三房平車中高樓層無限視野戶,62.47坪,3,2,2,整層住家/電梯大廈,12樓/14樓,"40,000元"
820,台中市西屯區文心路三段,冠德文心綻優質兩房,31.06坪,2,2,2,整層住家/電梯大廈,8樓/28樓,"40,000元"
821,台中市西屯區國安一路,新杜拜邊間二房,29.3坪,2,1,2,整層住家/電梯大廈,16樓/24樓,"22,000元"
822,台中市西屯區惠來路三段,惠宇建設公園旁三房,41.27坪,3,2,2,整層住家/電梯大廈,4樓/14樓,"36,000元"
823,台中市西屯區太原路一段,近精誠丨可住可辦自由規劃【房仲一號院】,32坪,3,1,2,整層住家/透天厝,2樓/4樓,"25,000元"
824,台中市西屯區青海南街,達麗大道－附傢俱家電讚啦,29.43坪,2,1,2,整層住家/電梯大廈,14樓/23樓,"30,000元"
825,台中市西屯區青海南街,達麗大道－附傢俱家電讚啦,29.43坪,2,1,2,整層住家/電梯大廈,14樓/23樓,"30,000元"
826,台中市西屯區福科路,瑞聯天地陽光綠蔭絕美大店面,49.74坪,-,,,店面/電梯大廈,1樓~2樓/2樓,"48,000元"
827,台中市西屯區市政南一路,文華匯高樓層兩房附車位,25.75坪,2,1,2,住宅/電梯大廈,12樓~12樓/12樓,"31,000元"
828,台中市西屯區福雅路,中科丨大型連鎖集散地丨１＋２樓美店鋪【房仲一號院】,25.94坪,-,,,店面/透天厝,1樓~2樓/4樓,"29,000元"
829,台中市西屯區市政路,七期國家一號院裝潢豪宅,97.58坪,3,3,2,住宅/電梯大廈,13樓~13樓/29樓,"98,000元"
830,台中市西屯區西屯路二段,正西屯路上臨逢甲大空間好利用住辦小冬瓜,50坪,-,,,住辦/公寓,3樓~4樓/4樓,"23,000元"
831,台中市西屯區市政北一路,親家雲硯精緻裝潢3房平車,76.81坪,3,2,2,住宅/電梯大廈,9樓~9樓/39樓,"80,000元"
832,台中市西屯區市政北二路,NTC高檔裝潢頂級商辦,170.51坪,-,,,商用/辦公,18樓~18樓/33樓,30萬
833,台中市西屯區中新巷,逢甲商圈套房,4.2坪,1,1,1,分租套房/透天厝,整棟/1樓,"5,000元"
834,台中市西屯區福中二街,西屯福康溫馨三房住家,47.84坪,3,2,2,整層住家/透天厝,3樓/4樓,"25,000元"
835,台中市西屯區惠中路一段,國泰層峰綠意悠活含三車位,161.35坪,4,5,2,整層住家/電梯大廈,6樓/32樓,16萬
836,台中市西屯區黎明路二段,七期南側黎明路透店,57.67坪,-,,,店面/店面,1樓~4樓/4樓,"48,000元"
837,台中市西屯區臺灣大道三段,百達富裔質感四房雙平車,146.04坪,4,4,2,整層住家/電梯大廈,14樓/35樓,12.2萬
838,台中市西屯區市政路,七期親家Ｔ３前棟視野商辦,85.34坪,-,,,住辦/辦公,3樓/29樓,"81,000元"
839,台中市西屯區市政路,七期由鉅三希SRC豪宅,125.29坪,4,3,3,住宅/電梯大廈,12樓~12樓/28樓,"97,000元"
840,台中市西屯區甘州街,甘州街美套房,15.58坪,1,2,1,分租套房/透天厝,頂樓加蓋~頂樓加蓋/-,"15,500元"
841,台中市西屯區漢成街,西屯~全新獨洗曬~套房出租~(通),6坪,1,,1,整層住家/透天厝,3樓/3樓,"12,000元"
842,台中市西屯區青海南街,近７４國道高樓兩房平車,28.64坪,2,1,1,整層住家/電梯大廈,14樓/14樓,"28,000元"
843,台中市西屯區朝富路,七期霸氣豪辦ＣＢＤ１,352.7坪,-,,,住辦/辦公,3樓/34樓,42.525萬
844,台中市西屯區河南路三段,七期恆詠精品裝潢,143.56坪,3,3,2,住宅/電梯大廈,4樓~4樓/29樓,14.8萬
845,台中市西屯區朝富路,@七期商辦CBD時代廣場角間大露台,162.61坪,-,,,住辦/辦公,3樓/34樓,15.3萬
846,台中市西屯區鑫港尾段,影音~台中國際會展中心旁雙面臨路美地!,200.1坪,-,,,土地/住宅用地,-/-,20萬
847,台中市西屯區市政北七路,聯聚中雍大廈七期核心頂級商辦,132.34坪,-,,,商用/電梯大廈,8樓/39樓,44萬
848,台中市西屯區文心路三段,冠德經貿美景帝王戶,59.56坪,3,2,2,整層住家/電梯大廈,28樓/28樓,"48,000元"
849,台中市西屯區臺灣大道三段,上城四房視野戶,44.47坪,4,2,2,整層住家/電梯大廈,7樓/21樓,"33,000元"
850,台中市西屯區西屯路二段,精銳FUN未來西屯角店金雞母店面讓你賺大錢,54.9坪,-,,,店面/電梯大廈,1樓~2樓/23樓,29萬
851,台中市西屯區福科路,國聚之悅綠景兩房,40.14坪,2,1,2,住宅/電梯大廈,3樓~3樓/15樓,"31,000元"
852,台中市西屯區文中路,黃金屋(租),129.48坪,-,,,店面/店面,1樓~5樓/5樓,32萬
853,台中市西屯區太原路一段,精誠商圈丨四通八達｜可住可辦好規劃【房仲一號院】,32坪,3,1,2,整層住家/透天厝,2樓/4樓,"25,000元"
854,台中市西屯區文中路,近捷運市政府站▲面寬店面,129.5坪,-,,,店面/店面,1樓/5樓,32萬
855,台中市西屯區朝富路,CBD大坪數企業總部商辦首選大戶,200坪,-,,,商用/辦公,3樓/34樓,40.5萬
856,台中市西屯區寧夏路,文華捷運站近百坪商辦娛樂大樓~專租店面張景勝最謹慎,95.68坪,-,,,店面/電梯大廈,11樓/12樓,"80,000元"
857,台中市西屯區國安一路,中科新貴特區兩房平車溫馨美宅,19.45坪,2,1,2,整層住家/電梯大廈,6樓/15樓,"25,000元"
858,台中市西屯區朝富路,@七期商辦CBD稀有大地坪數8車位,352.71坪,-,,,住辦/辦公,3樓/34樓,40萬
859,台中市西屯區臺灣大道二段,臺灣大道二段黃金店面,98.16坪,-,,,店面/店面,1樓/4樓,"80,000元"
860,台中市西屯區西屯路二段,惠來河畔ｘ西屯路順向角店,93.42坪,-,,,店面/店面,1樓/23樓,29萬
861,台中市西屯區中康街,★類一房一廳★陽台★獨洗★台水電★,12坪,-,,,獨立套房/透天厝,3樓/4樓,"11,000元"
862,台中市西屯區西屯路二段,西屯路二段百坪金店面,102坪,-,,,店面/電梯大廈,1樓~2樓/20樓,30萬
863,台中市西屯區朝富路,七期商辦CBD大戶最愛,352.71坪,-,,,商用/辦公,3樓~3樓/34樓,40.5萬
864,台中市西屯區台灣大道四段,<出租>台灣大道漂亮辦公室含車位8樓、10樓,62.47坪,-,,,商用/電梯大廈,8樓/11樓,"36,000元"
865,台中市西屯區福科路,國聚之悅⭐中科高樓 全新2房精品小豪宅(含管理費),39坪,2,2,2,整層住家/電梯大廈,9樓/14樓,"32,000元"
866,台中市西屯區市政北七路,七期聯聚*頂級企業總部*超高樓層*絕美景觀,135坪,-,,,商用/電梯大廈,34樓/39樓,75萬
867,台中市西屯區西屯路二段,精銳全新逢甲西屯路店面,77.53坪,-,,,店面/店面,1樓/23樓,13萬
868,台中市西屯區逢甲路,碧根陽光廣場１Ｆ,6.36坪,-,,,店面/店面,1樓/4樓,"11,000元"
869,台中市西屯區安林路,安林路圓形獨棟玻璃店面,105.21坪,-,,,店面/店面,1樓/3樓,"95,000元"
870,台中市西屯區弘孝路,☆逢甲商圈精銳全新店面☆,51.79坪,-,,,店面/店面,1樓/23樓,"95,000元"
871,台中市西屯區弘孝路,精銳FUN未來全新金店面,51.78坪,-,,,店面/店面,1樓~2樓/23樓,12萬
872,台中市西屯區文心路三段,冠德文心綻3房平車視野戶,59.56坪,3,2,2,住宅/電梯大廈,28樓~28樓/28樓,"50,000元"
873,台中市西屯區安和路,西屯｜安和路｜全新套房｜多間可選,7坪,9,9,,獨立套房/電梯大廈,2樓~3樓/3樓,"8,000元"
874,台中市西屯區西屯路三段,西屯路三段熱鬧金店面,17.51坪,-,,,店面/店面,1樓/5樓,"60,000元"
875,台中市西屯區西屯路二段,☆精銳☆逢甲西屯路店面,60.56坪,-,,,店面/店面,1樓/23樓,10萬
876,台中市西屯區逢甲路,碧根陽光廣場Ａ５０店面,12.98坪,-,,,店面/店面,1樓/3樓,"15,000元"
877,台中市西屯區弘孝路,精銳FUN未來全新金店面,54.98坪,-,,,店面/店面,1樓~2樓/23樓,13萬
878,台中市西屯區臺灣大道二段,市政香榭大坪數氣派店面,544.58坪,-,,,店面/店面,B1/14樓,38萬
879,台中市西屯區漢口路二段,漢口商圈百坪辦公室(租),147.47坪,-,,,商用/辦公,3樓~4樓/4樓,"99,000元"
880,台中市西屯區文心路三段,冠德文心綻3房平車,61.65坪,3,2,2,住宅/電梯大廈,6樓~6樓/28樓,"48,000元"
881,台中市西屯區文心路三段,捷運到站就到家，全新大兩房雙衛浴雙陽台,20.3坪,2,2,2,整層住家/電梯大廈,17樓/28樓,"35,000元"
882,台中市西屯區逢甲路,逢甲金鑽套房,5坪,1,1,,分租套房/華廈,5樓/6樓,"7,000元"
883,台中市西屯區文心路三段,世界之心18A18,17.71坪,2,1,2,獨立套房/電梯大廈,18樓/23樓,"27,000元"
884,台中市西屯區逢甲路,出租台中西屯_逢甲夜市-吃市店面   ,110坪,-,,,店面/電梯大廈,1樓/3樓,15.5萬
885,台中市西屯區河南路二段,捷運冠德共構宅/發大財透天店套!,115.5坪,1,4,4,整層住家/透天厝,2樓~6樓/6樓,"68,000元"
886,台中市西屯區國安一路,【國安國宅】三房︱禁菸禁寵 ,21坪,3,2,2,整層住家/電梯大廈,10樓/12樓,"18,000元"
887,台中市西屯區弘孝路,☆西屯路精銳全新店面☆,54.98坪,-,,,店面/店面,1樓/23樓,10萬
888,台中市西屯區國祥街,國安國宅大三房視野戶(含管理費)!!!,27.04坪,3,2,2,整層住家/電梯大廈,11樓/12樓,"21,000元"
889,台中市西屯區文中路,文中路角間金店面,129.49坪,-,,,店面/店面,1樓~5樓/5樓,32萬
890,台中市西屯區漢口路二段,VR!正漢口路百坪商辦採光好空間大好停車，租售並行,86.77坪,-,,,商用/電梯大廈,11樓/12樓,"65,000元"
891,台中市西屯區朝富路,七期CBD大露台商辦,162.61坪,-,,,商用/辦公,3樓~3樓/34樓,18.7萬
892,台中市西屯區河南路二段,租-水湳逢甲旁中港長鴻優質辦公室,44.49坪,-,,,商用/電梯大廈,3樓/13樓,"48,000元"
893,台中市西屯區惠來路一段,世界之匯店面1-3樓-近國家歌劇院-三面臨路-七期,97.42坪,-,,,店面/電梯大廈,1樓~3樓/32樓,14萬
894,台中市西屯區崇義街,近河南路逢甲商圈精緻套房,6坪,1,1,,獨立套房/套房,整棟/-,"4,900元"
895,台中市西屯區朝馬路,朝馬黃金透店,77.79坪,-,,,店面/店面,1樓/5樓,"79,800元"
896,台中市西屯區文心路三段,文心超級大透店,173.51坪,-,,,店面/店面,頂樓加蓋/-,25萬
897,台中市西屯區市政北一路,正七期‧近歌劇院‧精裝宅,43.79坪,2,2,2,整層住家/電梯大廈,6樓/28樓,"35,000元"
898,台中市西屯區文華路,(丹尼斯嚴選)逢甲大學邊間雙面採光套房,5坪,1,1,,獨立套房/電梯大廈,4樓/11樓,"5,800元"
899,台中市西屯區環中路二段,西屯赫里翁臻愛大樓[東森房屋太平中山加盟店],21.37坪,3,2,2,整層住家/電梯大廈,3樓/29樓,"35,000元"
900,台中市西屯區福雅路,中科丨近寶輝！丨１＋２樓美店鋪【房仲一號院】,25.94坪,-,,,店面/透天厝,1樓~2樓/4樓,"30,000元"
901,台中市西屯區逢甲路,逢甲金鑽套房2,4坪,1,,1,分租套房/華廈,5樓/6樓,"6,000元"
902,台中市西屯區崇義街,近河南路逢甲商圈便宜套房,5坪,1,,1,獨立套房/套房,整棟/-,"4,300元"
903,台中市西屯區西屯路二段,精銳FUN未來鑽石金店面,60.56坪,-,,,店面/店面,1樓/23樓,11萬
904,台中市西屯區文華路,逢甲店面-文華路熱鬧區段,6坪,-,,,店面/透天厝,整棟/1樓,"30,000元"
905,台中市西屯區環中路二段,水湳全新大面寬好停車透天適各行各業,198坪,-,,,店面/透天厝,整棟/4樓,"82,000元"
906,台中市西屯區福星路,可餐飲逢甲福星路醒目店面,13坪,-,,,店面/店面,1樓~1樓/4樓,"58,000元"
907,台中市西屯區長安路二段,鄰近水湳市場~三房~平車含管(通),45坪,3,2,2,整層住家/電梯大廈,7樓/12樓,"31,000元"
908,台中市西屯區文心路三段,冠德精緻二房附車位,42.28坪,2,2,2,整層住家/電梯大廈,22樓/28樓,"40,000元"
909,台中市西屯區工業區三路,工業區百坪廠辦讚,140坪,-,,,廠房/廠房,2樓/3樓,"95,550元"
910,台中市西屯區寧夏東二街,文華高中旁美兩房附車位,31.18坪,2,2,2,整層住家/華廈,6樓/6樓,"20,000元"
911,台中市西屯區四川一街,近市府捷運三房平車,54.29坪,3,2,2,整層住家/華廈,5樓/6樓,"28,000元"
912,台中市西屯區寧夏路,西屯寧夏店鋪廠房２０米路,14.56坪,-,,,店面/店面,1樓/1樓,"80,000元"
913,台中市西屯區西屯路二段,☆西屯漢口三房,29.75坪,3,2,2,整層住家/公寓,4樓/5樓,"30,000元"
914,台中市西屯區台灣大道２段,市政香榭百坪空間黃金店面,524.01坪,-,,,店面/店面,B1~B1/14樓,38萬
915,台中市西屯區中清路二段,『稀有釋出』水湳大面寬大地坪店面適合診所、補習班,55.54坪,-,,,店面/透天厝,整棟/1樓,"79,999元"
916,台中市西屯區福吉街,親家福星道5B全新未住1房1廳附車位,11.59坪,1,1,1,整層住家/電梯大廈,5樓/15樓,"23,800元"
917,台中市西屯區逢甲路,逢甲大騎樓美店,9.5坪,-,,,店面/店面,1樓/8樓,"35,000元"
918,台中市西屯區市政路,由鉅三希朝南方便入住,128.75坪,4,3,2,整層住家/電梯大廈,12樓/28樓,"97,000元"
919,台中市西屯區臺灣大道三段,七期黃金店面是邊間,182.91坪,-,,,店面/店面,1樓/28樓,57萬
920,台中市西屯區臺灣大道二段,近大墩路邊間大面寬透店,98.17坪,-,,,店面/店面,B1~B4/4樓,"98,000元"
921,台中市西屯區市政北七路,七期聯聚中雍大廈-超高樓最頂級商辦-無敵景觀.詹勝,253.06坪,-,,,商用/辦公,34樓/39樓,75萬
922,台中市西屯區逢甲路,逢甲大面寬顯眼店面,57.56坪,-,,,店面/店面,1樓/14樓,30萬
923,台中市西屯區市政路,國家一號院美裝潢,97.58坪,3,3,2,整層住家/電梯大廈,13樓/29樓,"98,000元"
924,台中市西屯區重慶路,國泰逸園學區３房,36.89坪,3,2,2,整層住家/電梯大廈,5樓/12樓,"26,000元"
925,台中市西屯區環中路二段,西屯高樓兩房平車,29.75坪,2,1,2,整層住家/電梯大廈,18樓/29樓,"30,000元"
926,台中市西屯區長安路二段,新完工小資首選室內機車位,10坪,-,,,獨立套房/透天厝,1樓/3樓,"9,000元"
927,台中市西屯區福安七街,中工三路雙平車開放空間辦公室,56坪,-,,,住辦/華廈,1樓/6樓,"50,000元"
928,台中市西屯區漢口路二段,正漢口路上整棟透天84坪 吃市,84坪,-,,,店面/透天厝,1樓~4樓/4樓,"80,000元"
929,台中市西屯區市政路,正市政路特斯拉旁臨路金店,89.68坪,-,,,店面/店面,1樓~5樓/5樓,"60,000元"
930,台中市西屯區臺灣大道二段,西屯區台灣大道角間大透天出租,98.16坪,-,,,店面/透天厝,B1~4樓/4樓,10萬
931,台中市西屯區西屯路二段,西屯漢口商圈熱鬧金店面 不可餐飲 ,16坪,-,,,店面/透天厝,1樓/4樓,"35,000元"
932,台中市西屯區市政北七路,聯聚中雍-超高樓層-無敵景觀視野-最頂級商辦,253.06坪,-,,,商用/辦公,34樓/39樓,75萬
933,台中市西屯區福上巷,福上新城裝潢四房附車位,63.48坪,4,2,2,整層住家/電梯大廈,13樓/14樓,"45,000元"
934,台中市西屯區福上巷,(丹尼斯嚴選)逢甲大學高樓層電梯套房,5.42坪,1,1,,獨立套房/電梯大廈,6樓/6樓,"6,500元"
935,台中市西屯區朝富路,CBD時代廣場企業辦公商辦露台戶,94.6坪,-,,,住辦/辦公,3樓/34樓,15.3萬
936,台中市西屯區福上巷,逢甲便宜出租套房,5坪,1,,,住宅/透天厝,2樓~2樓/4樓,"4,500元"
937,台中市西屯區文華路,逢甲側門文華路店,50.53坪,-,,,店面/店面,1樓/2樓,13萬
938,台中市西屯區工業區一路,華爾道夫４房好採光好通風,57.19坪,4,2,2,整層住家/電梯大廈,6樓/18樓,"42,000元"
939,台中市西屯區逢甲路,逢甲正逢甲路黃金店面,22.36坪,-,,,店面/店面,1樓/4樓,"60,000元"
940,台中市西屯區福科路,西屯區UNIQLO賺錢金店面,60坪,-,,,店面/透天厝,整棟/2樓,14萬
941,台中市西屯區港尾溪街,全新大面寬店面適合診所、補習班進駐好停車/出租一樓,55.5坪,-,,,店面/透天厝,1樓/4樓,"79,999元"
942,台中市西屯區福星路,逢甲正福星路整棟店面,87.43坪,-,,,店面/店面,1樓/4樓,10萬
943,台中市西屯區福科路,中科✨✨３+４樓套房◆適合當個人工作室,26.59坪,1,1,2,獨立套房/別墅,3樓~4樓/4樓,"20,000元"
944,台中市西屯區福科路,中科超大二房 室內26坪 可當個人工作室,26.59坪,1,1,2,獨立套房/別墅,3樓~4樓/4樓,"20,000元"
945,台中市西屯區長安路二段,水湳捷運透天/前院車庫,60坪,5,3,3,整層住家/透天厝,整棟/4樓,"35,000元"
946,台中市西屯區臺灣大道四段,太子四季美屋平車,41.32坪,1,1,2,整層住家/電梯大廈,11樓/15樓,"22,800元"
947,台中市西屯區河南路三段,正七期俯瞰秋紅谷附三車位,143.6坪,3,3,2,整層住家/電梯大廈,4樓/29樓,14.8萬
948,台中市西屯區臺灣大道四段,台灣大道四段角間店面,291.14坪,-,,,店面/店面,1樓/26樓,25萬
949,台中市西屯區文心路三段,正文心路燙金電梯樓店,178.59坪,-,,,店面/店面,1樓/13樓,18萬
950,台中市西屯區臺灣大道三段,房產小妞專任～❤️「國雄領域」奢華裝潢四房二車位,48.02坪,4,2,2,整層住家/電梯大廈,6樓/24樓,"60,000元"
951,台中市西屯區福科路,國聚精美裝潢戶,36坪,2,1,2,整層住家/電梯大廈,11樓/14樓,"45,000元"
952,台中市西屯區西屯路二段,西屯路精銳FUN黃金大店面,77.65坪,-,,,店面/店面,1樓~2樓/2樓,12萬
953,台中市西屯區福星路,正逢甲商圈臨路黃金店面,33.66坪,-,,,店面/透天厝,1樓~2樓/3樓,"70,000元"
954,台中市西屯區中新巷,逢甲出租套房.,4坪,1,1,1,獨立套房/透天厝,整棟/1樓,"4,500元"
955,台中市西屯區福上巷,逢甲商圈巷子3樓透天出租,35.65坪,4,3,3,其他/透天厝,1樓~頂樓加蓋/2樓,"35,000元"
956,台中市西屯區合江街,全新文華悅百萬全配家電+平車 台中收租找友哥,20.8坪,1,1,1,獨立套房/電梯大廈,9樓/12樓,"23,000元"
957,台中市西屯區文心路三段,好售宅網⇛正文心路全新整理漂亮大面寬電梯透店,167坪,-,,,店面/透天厝,1樓~6樓/6樓,13.5萬
958,台中市西屯區福上巷,租正逢甲商圈套房,6坪,1,1,,獨立套房/套房,頂樓加蓋~頂樓加蓋/-,"4,500元"
959,台中市西屯區崇義街,河南路旁附網路第四台採光套房,6坪,1,1,,獨立套房/套房,頂樓加蓋~頂樓加蓋/-,"4,900元"
960,台中市西屯區福雅路,薇風廣場透店風廣場透店,61.54坪,4,4,2,住辦/透天厝,1樓~4樓/4樓,"38,000元"
961,台中市西屯區崇義街,近河南路逢甲商圈雅致套房,6坪,1,1,,獨立套房/套房,整棟/-,"4,300元"
962,台中市西屯區崇義街,河南路旁附網路第四台採光套房,5坪,1,1,,獨立套房/套房,2樓~2樓/5樓,"4,300元"
963,台中市西屯區逢甲路,逢甲獨洗獨曬陽台電梯套房台水電可寵物,7坪,1,1,,獨立套房/電梯大廈,7樓/7樓,"9,000元"
964,台中市西屯區龍富二十一街,七期74旁建地出租@600 台中收租找友哥,175.9坪,-,,,土地/建地,-/-,10.5萬
965,台中市西屯區福科路,國聚之悅⭐中科高樓 全新2房精品小豪宅(多間可選),39坪,2,2,2,整層住家/電梯大廈,12樓/14樓,"28,000元"
966,台中市西屯區崇義街,近河南路逢甲商圈套房,5坪,1,1,,獨立套房/套房,整棟/-,"4,300元"
967,台中市西屯區崇義街,逢甲福星路旁含網路＋第四台＋機車位＋家具家電套房,5坪,1,1,,獨立套房/套房,頂樓加蓋~頂樓加蓋/-,"4,300元"
968,台中市西屯區逢甲路,碧根陽光廣場Ａ９店面,16.15坪,-,,,店面/店面,1樓/3樓,"15,000元"
969,台中市西屯區龍富二十路,城堡別墅尊榮享受,135.94坪,5,8,5,整層住家/透天厝,1樓/5樓,30萬
970,台中市西屯區環中路三段,七期市政環中路400坪物流廠房腹地大可停車,400坪,-,,,廠房/廠房,1樓/1樓,24萬
971,台中市西屯區市政北二路,七期知名地標整層景觀商辦,986.21坪,-,,,住辦/辦公,7樓/35樓,128.2073萬
972,台中市西屯區中科路,中科路優質倉庫,50坪,-,,,廠房/廠房,1樓/1樓,"35,000元"
973,台中市西屯區工業區十二路,❤️西屯工業區稀有合法大坪數三照廠房❤️,1140坪,-,,,廠房/廠房,1樓/1樓,80萬
974,台中市西屯區西屯路二段,逢甲大面寬透天金店面出租 適合文武百市,49.37坪,-,,,店面/透天厝,整棟/3樓,"80,000元"
975,台中市西屯區工業區七路,ⒽⒽ❧西屯工業區大坪數③照廠房,850坪,-,,,廠房/廠房,1樓/1樓,80萬
976,台中市西屯區福聯街,瑞聯天地Ｕ區套房,6.38坪,1,1,,整層住家/電梯大廈,7樓/12樓,"7,800元"
977,台中市西屯區福星路,店面達人/逢甲商圈熱鬧角間大面寬賺錢金店面,163.76坪,-,,,店面/透天厝,1樓~2樓/5樓,55萬
978,台中市西屯區臺灣大道四段,臺灣大道金店面正樓上,61.75坪,6,4,2,整層住家/透天厝,2樓/4樓,"29,800元"
979,台中市西屯區福星路,逢甲福星河南整棟透天可營登樓上可分租雅房,106.17坪,1,4,2,整層住家/透天厝,B1~4樓/4樓,"70,000元"
980,台中市西屯區長安路二段,水湳收租21間套房4間雅房透天,259坪,2,2,,整層住家/透天厝,整棟/5樓,18萬
981,台中市西屯區工業區七路,台中工業區辦公室大空間180-260坪,180坪,-,,,住辦/辦公,1樓/2樓,15萬
982,台中市西屯區文心路三段,文心捷運質感美商辦,60.26坪,-,,,住辦/辦公,10樓/23樓,"49,800元"
983,台中市西屯區市政北七路,七期親家市政前棟商辦,63.42坪,-,,,住辦/辦公,11樓/28樓,"85,000元"
984,台中市西屯區合江街,文華悅 全新未住大套房 多間可選,21坪,1,1,1,獨立套房/電梯大廈,9樓/12樓,"25,000元"
